Date,Price,Open,High,Low,Vol.,Change %
2020-08-10,8.33,8.33,8.33,8.27,58200.0,0.0434
2020-08-11,8.5,8.33,8.5,8.33,27110.0,0.02
2020-08-12,8.5,8.5,8.6,8.5,28040.0,0.0
2020-08-13,8.415,8.5,8.565,8.415,0.0,0.0
2020-08-14,8.33,8.5,8.53,8.33,10240.0,-0.0196
2020-08-17,8.36,8.45,8.45,8.33,15950.0,0.0032
2020-08-18,8.39,8.36,8.45,8.33,5100.0,0.004
2020-08-19,8.45,8.4,8.45,8.39,9190.0,0.0070999999999999995
2020-08-20,8.489999999999998,8.425,8.489999999999998,8.42,0.0,0.0
2020-08-21,8.53,8.45,8.53,8.45,8820.0,0.0095
2020-08-24,8.47,8.5,8.53,8.47,7510.0,-0.0078000000000000005
2020-08-25,8.67,8.47,8.67,8.47,92910.0,0.0236
2020-08-26,8.6,8.67,8.67,8.54,7230.0,-0.0077
2020-08-27,8.6,8.6,8.63,8.57,12010.0,0.0
2020-08-28,8.67,8.65,8.73,8.53,35650.0,0.0078000000000000005
2020-08-31,8.6,8.73,8.73,8.57,29370.0,-0.0077
2020-09-01,8.41,8.67,8.67,8.41,12710.0,-0.0225
2020-09-02,8.6,8.64,8.64,8.41,9760.0,0.023
2020-09-03,8.6,8.6,8.63,8.6,19770.0,0.0
2020-09-04,8.59,8.59,8.59,8.4,2760.0,-0.0016
2020-09-07,8.53,8.53,8.59,8.53,2340.0,-0.006999999999999999
2020-09-08,8.47,8.5,8.5,8.29,6720.0,-0.006999999999999999
2020-09-09,8.45,8.23,8.45,8.23,4250.0,-0.0016
2020-09-10,8.27,8.39,8.39,8.27,18160.0,-0.022099999999999998
2020-09-11,8.27,8.1,8.39,8.1,13820.0,0.0
2020-09-14,8.25,8.02,8.25,8.02,1570.0,-0.0016
2020-09-15,8.27,8.25,8.35,8.08,17790.0,0.0016
2020-09-16,8.27,8.23,8.27,8.0,14140.0,0.0
2020-09-17,8.13,8.13,8.23,8.13,6140.0,-0.0161
2020-09-18,8.15,8.13,8.2,8.13,10660.0,0.0025
2020-09-21,8.1,8.2,8.27,8.03,2580.0,-0.006500000000000001
2020-09-22,7.99,8.0,8.11,7.99,11760.0,-0.013999999999999999
2020-09-23,8.13,8.0,8.19,8.0,36640.0,0.0184
2020-09-24,8.13,8.13,8.19,8.13,5510.0,0.0
2020-09-25,8.19,8.13,8.19,8.13,4150.0,0.0074
2020-09-28,8.2,8.19,8.2,8.04,8189.999999999999,0.0008
2020-09-29,8.2,8.2,8.2,8.2,2270.0,0.0
2020-09-30,7.99,8.13,8.13,7.96,12380.0,-0.026000000000000002
2020-10-01,7.8,7.96,7.98,7.8,4630.0,-0.023399999999999997
2020-10-02,7.69,7.79,7.99,7.67,12470.0,-0.014499999999999999
2020-10-05,8.13,7.91,8.15,7.91,1830.0,0.0581
2020-10-06,8.12,8.13,8.13,8.0,3040.0,-0.0016
2020-10-07,8.11,8.13,8.13,8.0,12180.0,-0.0008
2020-10-08,8.07,8.15,8.15,7.91,3030.0,-0.0058
2020-10-09,8.01,8.13,8.13,8.01,1030.0,-0.0066
2020-10-12,7.81,8.1,8.1,7.81,5480.0,-0.025
2020-10-13,8.05,8.07,8.07,8.05,640.0,0.030699999999999998
2020-10-14,8.07,8.07,8.13,8.07,3050.0,0.0017000000000000001
2020-10-15,8.035,8.100000000000001,8.13,8.035,0.0,0.0
2020-10-16,8.0,8.13,8.13,8.0,1990.0,-0.0083
2020-10-19,8.13,8.13,8.13,8.0,1000.0,0.0167
2020-10-20,8.2,8.23,8.23,8.13,2610.0,0.008199999999999999
2020-10-21,8.17,8.21,8.21,8.17,2840.0,-0.0040999999999999995
2020-10-22,8.2,8.2,8.2,8.2,2040.0,0.0040999999999999995
2020-10-23,8.17,8.2,8.2,8.17,5020.0,-0.0040999999999999995
2020-10-26,8.0,8.17,8.17,7.93,2100.0,-0.0204
2020-10-27,7.98,7.98,8.0,7.93,2560.0,-0.0025
2020-10-28,8.0,8.0,8.0,7.96,2530.0,0.0025
2020-10-29,8.0,8.0,8.0,7.98,0.0,0.0
2020-10-30,8.0,8.0,8.0,8.0,760.0,0.0
2020-11-02,7.93,8.12,8.16,7.93,80.0,-0.0083
2020-11-03,7.93,7.93,7.93,7.93,670.0,0.0
2020-11-04,8.0,7.84,8.13,7.84,6110.0,0.0084
2020-11-05,8.0,7.93,8.0,7.9,4850.0,0.0
2020-11-06,7.99,8.0,8.0,7.9,5130.0,-0.0008
2020-11-09,7.93,7.93,7.93,7.91,5430.0,-0.0075
2020-11-10,7.99,7.93,7.99,7.9,3210.0,0.0076
2020-11-11,7.99,8.0,8.2,7.99,9120.0,-0.0008
2020-11-12,8.03,8.0,8.13,8.0,40970.0,0.0058
2020-11-13,8.03,8.03,8.07,8.03,16110.0,0.0
2020-11-16,8.07,8.07,8.07,8.07,2970.0,0.0040999999999999995
2020-11-17,8.13,8.13,8.13,8.13,1700.0,0.0083
2020-11-18,8.13,8.13,8.2,8.1,13950.0,0.0
2020-11-19,8.13,8.13,8.23,8.13,16030.000000000002,0.0
2020-11-20,8.13,8.13,8.13,8.13,6470.0,0.0
2020-11-23,8.13,8.23,8.23,8.11,14420.0,0.0
2020-11-24,8.13,8.13,8.13,8.11,17330.0,0.0
2020-11-25,8.32,8.33,8.33,8.11,8450.0,0.023
2020-11-26,8.31,8.32,8.32,8.31,1990.0,-0.0016
2020-11-27,8.31,8.32,8.32,8.3,3050.0,0.0
2020-11-30,8.31,8.31,8.31,8.31,150.0,0.0
2020-12-01,8.21,8.23,8.33,8.21,3290.0,-0.012
2020-12-02,8.21,8.33,8.33,8.21,1690.0,0.0
2020-12-03,8.19,8.19,8.19,8.19,6310.0,-0.0024
2020-12-04,8.26,8.32,8.33,8.18,1750.0,0.009000000000000001
2020-12-07,8.12,8.3,8.3,8.12,5050.0,-0.0169
2020-12-08,8.07,8.27,8.27,8.02,12740.0,-0.0066
2020-12-09,8.2,8.2,8.2,8.2,4010.0,0.0165
2020-12-10,8.2,8.2,8.2,8.07,4680.0,0.0
2020-12-11,8.01,8.2,8.2,8.01,6790.0,-0.0236
2020-12-14,8.19,8.23,8.23,8.01,11070.0,0.0233
2020-12-15,8.17,8.19,8.19,8.0,5850.0,-0.0033
2020-12-16,8.2,8.2,8.2,8.0,5950.0,0.0040999999999999995
2020-12-17,8.13,7.97,8.2,7.97,4090.0,-0.008100000000000001
2020-12-18,8.0,7.97,8.0,7.97,12740.0,-0.016399999999999998
2020-12-21,7.98,8.07,8.13,7.97,5960.0,-0.0025
2020-12-22,8.19,8.19,8.19,7.97,3880.0,0.0259
2020-12-23,8.13,8.19,8.19,8.13,1560.0,-0.006500000000000001
2020-12-24,8.2,8.13,8.2,8.13,2160.0,0.008199999999999999
2020-12-25,8.19,8.13,8.19,8.1,11980.0,-0.0016
2020-12-28,8.0,8.2,8.2,8.0,27450.0,-0.022799999999999997
2020-12-29,8.13,8.0,8.13,7.99,29110.0,0.0167
2020-12-30,8.01,8.19,8.19,8.0,17810.0,-0.015600000000000001
2020-12-31,8.0,8.13,8.13,8.0,18430.0,-0.0008
2021-01-01,7.984999999999999,8.055,8.055,7.984999999999999,0.0,0.0
2021-01-04,7.97,7.98,7.98,7.97,1510.0,-0.0042
2021-01-05,7.96,7.96,7.96,7.94,3360.0,-0.0008
2021-01-06,7.77,7.93,7.93,7.77,8070.0,-0.024300000000000002
2021-01-07,7.87,7.9,7.9,7.77,15280.0,0.0129
2021-01-08,7.87,7.73,7.87,7.63,6350.0,0.0
2021-01-11,7.87,7.73,7.95,7.73,61420.0,0.0
2021-01-12,7.93,7.95,7.95,7.87,550.0,0.0085
2021-01-13,7.92,7.92,7.92,7.83,2130.0,-0.0017000000000000001
2021-01-14,7.875,7.92,7.92,7.83,0.0,0.0
2021-01-15,7.83,7.92,7.92,7.83,110.0,-0.0109
2021-01-18,7.93,7.9,7.93,7.86,2890.0,0.0128
2021-01-19,7.93,7.93,7.93,7.93,3370.0,0.0
2021-01-20,7.92,7.97,7.97,7.83,3980.0,-0.0017000000000000001
2021-01-21,7.96,7.93,7.97,7.93,4400.0,0.0051
2021-01-22,7.95,7.96,7.96,7.83,5320.0,-0.0008
2021-01-25,8.07,8.1,8.1,8.0,2100.0,0.014199999999999999
2021-01-26,7.97,7.87,8.03,7.87,15400.0,-0.0124
2021-01-27,7.95,7.95,7.95,7.95,770.0,-0.0025
2021-01-28,7.93,7.93,7.93,7.87,3460.0,-0.0025
2021-01-29,7.92,7.87,7.92,7.83,11770.0,-0.0008
2021-02-01,7.95,7.95,7.95,7.87,4019.9999999999995,0.0034000000000000002
2021-02-02,7.87,7.93,7.93,7.8,23420.0,-0.0101
2021-02-03,7.93,7.86,7.93,7.75,1180.0,0.0085
2021-02-04,7.87,7.95,7.95,7.87,1400.0,-0.0084
2021-02-05,7.87,7.93,7.93,7.75,3670.0,0.0
2021-02-08,7.87,7.93,7.93,7.73,7370.0,0.0
2021-02-09,7.87,7.93,7.93,7.87,4630.0,0.0
2021-02-10,7.85,7.8,7.93,7.73,7680.0,-0.0017000000000000001
2021-02-11,7.86,7.69,7.89,7.69,7050.0,0.0008
2021-02-12,7.83,7.86,7.86,7.83,2090.0,-0.0034000000000000002
2021-02-15,7.83,7.8,7.83,7.7,8810.0,0.0
2021-02-16,7.77,7.73,7.8,7.67,5910.0,-0.0085
2021-02-17,7.8,7.73,7.8,7.73,2600.0,0.0043
2021-02-18,7.73,7.7,7.73,7.67,2820.0,-0.0085
2021-02-19,7.67,7.67,7.76,7.67,8230.0,-0.0086
2021-02-22,7.7,7.73,7.8,7.67,2460.0,0.0043
2021-02-23,7.8,7.79,7.83,7.77,7210.0,0.013000000000000001
2021-02-24,7.87,7.79,7.87,7.79,24080.0,0.0085
2021-02-25,7.85,7.85,7.93,7.85,9850.0,-0.0025
2021-02-26,7.87,7.85,7.87,7.71,5010.0,0.0025
2021-03-01,7.83,7.83,7.87,7.83,4840.0,-0.0042
2021-03-02,7.87,7.87,7.87,7.8,170.0,0.0043
2021-03-03,7.9,7.8,7.91,7.8,1460.0,0.0042
2021-03-04,7.87,7.8,7.87,7.73,2980.0,-0.0042
2021-03-05,7.86,7.86,7.87,7.8,4290.0,-0.0008
2021-03-08,7.86,7.86,7.86,7.85,2710.0,0.0
2021-03-09,7.86,7.8,7.9,7.8,15780.0,0.0
2021-03-10,7.93,7.8,8.0,7.8,5100.0,0.009300000000000001
2021-03-11,7.93,8.0,8.0,7.9,7190.0,0.0
2021-03-12,7.93,8.0,8.0,7.8,1680.0,0.0
2021-03-15,7.93,7.81,7.93,7.8,4420.0,0.0
2021-03-16,7.93,7.87,7.93,7.87,3930.0,0.0
2021-03-17,7.93,7.87,7.93,7.76,1420.0,-0.0008
2021-03-18,7.93,7.93,7.93,7.8,2009.9999999999998,0.0008
2021-03-19,7.73,7.93,7.97,7.71,27970.0,-0.0252
2021-03-22,7.73,7.73,7.95,7.71,46340.0,0.0
2021-03-23,7.9,7.73,7.93,7.73,82850.0,0.0216
2021-03-24,7.9,7.79,7.96,7.78,6970.0,0.0
2021-03-25,7.9,7.9,7.9,7.78,1490.0,0.0
2021-03-26,8.0,7.97,8.13,7.97,66700.0,0.0127
2021-03-29,8.11,8.0,8.12,8.0,10900.0,0.014199999999999999
2021-03-30,7.93,8.01,8.07,7.93,24700.0,-0.0222
2021-03-31,7.87,7.93,8.0,7.87,24030.0,-0.0084
2021-04-01,7.92,7.87,7.92,7.75,14190.0,0.0068000000000000005
2021-04-02,7.86,7.87,7.87,7.86,4890.0,-0.0076
2021-04-05,7.83,7.86,7.86,7.76,7660.0,-0.0034000000000000002
2021-04-06,7.83,7.85,7.85,7.73,11360.0,0.0
2021-04-07,7.85,7.85,7.85,7.67,4340.0,0.0026
2021-04-08,7.86,7.85,7.9,7.85,9520.0,0.0008
2021-04-09,7.8566666666666665,7.833333333333333,7.883333333333334,7.83,0.0,0.0
2021-04-12,7.8533333333333335,7.816666666666666,7.866666666666666,7.81,0.0,0.0
2021-04-13,7.85,7.8,7.85,7.79,3680.0,-0.0008
2021-04-14,7.85,7.85,7.86,7.85,3750.0,0.0
2021-04-15,7.824999999999999,7.81,7.855,7.81,0.0,0.0
2021-04-16,7.8,7.77,7.85,7.77,8440.0,-0.0068000000000000005
2021-04-19,7.8,7.73,7.824999999999999,7.73,0.0,0.0
2021-04-20,7.8,7.69,7.8,7.69,920.0,0.0
2021-04-21,7.8,7.69,7.8,7.67,6640.0,0.0
2021-04-22,7.87,7.8,7.93,7.8,42010.0,0.0085
2021-04-23,7.87,7.87,7.87,7.8,6750.0,0.0
2021-04-26,7.8,7.87,7.87,7.77,3610.0,-0.0085
2021-04-27,7.87,7.8,7.87,7.8,1630.0,0.0085
2021-04-28,7.8,7.86,7.86,7.8,7640.0,-0.0085
2021-04-29,7.79,7.8,7.8,7.79,28550.0,-0.0009
2021-04-30,7.79,7.79,7.87,7.75,3020.0,0.0
2021-05-03,7.79,7.79,7.87,7.79,2550.0,0.0
2021-05-04,7.85,7.67,7.85,7.67,4970.0,0.0077
2021-05-05,7.8,7.85,7.86,7.8,20740.0,-0.0068000000000000005
2021-05-06,7.95,7.8,8.0,7.8,33810.0,0.0197
2021-05-07,8.23,7.93,8.23,7.93,45220.0,0.0352
2021-05-10,8.3,8.23,8.46,8.23,11000.0,0.008100000000000001
2021-05-11,8.47,8.3,8.55,8.3,30600.0,0.020099999999999996
2021-05-12,8.47,8.325000000000001,8.5625,8.325000000000001,0.0,0.0
2021-05-13,8.47,8.350000000000001,8.575,8.350000000000001,0.0,0.0
2021-05-14,8.47,8.375,8.5875,8.375,0.0,0.0
2021-05-17,8.47,8.4,8.6,8.4,56800.0,0.0
2021-05-18,8.13,8.55,8.55,8.09,23700.0,-0.0394
2021-05-19,8.02,8.13,8.25,8.0,395430.0,-0.0139
2021-05-20,8.25,8.22,8.33,8.1,257920.00000000003,0.0291
2021-05-21,8.2,8.27,8.33,8.01,169160.0,-0.006500000000000001
2021-05-24,8.17,8.2,8.27,8.17,2610.0,-0.0040999999999999995
2021-05-25,8.09,8.17,8.17,8.0,65390.0,-0.009000000000000001
2021-05-26,8.12,8.01,8.12,8.0,211090.0,0.0033
2021-05-27,8.1,8.12,8.12,8.0,114430.0,-0.0025
2021-05-28,8.18,8.11,8.18,8.02,7140.0,0.009899999999999999
2021-05-31,8.11,8.18,8.18,8.07,10200.0,-0.009000000000000001
2021-06-01,8.13,8.17,8.18,8.0,121060.0,0.0025
2021-06-02,8.01,8.13,8.13,8.0,798820.0,-0.0139
2021-06-03,8.12,8.13,8.16,8.0,693140.0,0.013300000000000001
2021-06-04,8.07,8.07,8.13,8.0,193760.0,-0.0066
2021-06-07,8.0,8.07,8.1,8.0,130000.0,-0.0083
2021-06-08,8.01,8.1,8.12,8.0,191440.0,0.0008
2021-06-09,8.11,8.11,8.12,8.01,6280.0,0.013300000000000001
2021-06-10,8.11,8.11,8.12,8.11,8790.0,0.0
2021-06-11,8.12,8.11,8.12,8.07,6930.0,0.0008
2021-06-14,8.05,8.11,8.11,8.05,5360.0,-0.009000000000000001
2021-06-15,8.05,8.1,8.1,8.03,2029.9999999999998,0.0
2021-06-16,8.07,8.04,8.11,8.04,2580.0,0.0025
2021-06-17,8.07,8.05,8.11,8.05,7700.0,0.0
2021-06-18,8.09,8.05,8.09,8.02,8370.0,0.0033
2021-06-21,8.07,8.05,8.07,8.0,15480.0,-0.0033
2021-06-22,8.05,8.09,8.09,8.05,4140.0,-0.0017000000000000001
2021-06-23,8.05,8.0,8.05,8.0,5170.0,-0.0008
2021-06-24,8.0,8.0,8.05,8.0,9980.0,-0.0058
2021-06-25,8.0,8.05,8.05,7.88,5100.0,0.0
2021-06-28,8.0,7.9,8.05,7.88,12730.0,0.0
2021-06-29,8.0,8.0,8.03,8.0,6200.0,0.0
2021-06-30,8.0,8.0,8.0,7.88,4100.0,0.0
2021-07-01,7.87,7.93,7.97,7.87,7830.0,-0.0167
2021-07-02,8.0,8.0,8.0,8.0,30.0,0.0169
2021-07-05,7.97,7.97,7.99,7.97,6660.0,-0.0042
2021-07-06,7.98,7.98,7.99,7.98,7150.0,0.0017000000000000001
2021-07-07,7.95,7.99,7.99,7.87,6610.0,-0.0042
2021-07-08,8.0,8.0,8.0,8.0,15010.0,0.0067
2021-07-09,7.99,7.99,7.99,7.87,6120.0,-0.0008
2021-07-12,7.99,8.0,8.0,7.93,2430.0,0.0
2021-07-13,7.99,7.99,7.99,7.99,1240.0,0.0
2021-07-14,7.99,7.98,7.99,7.98,3310.0,0.0
2021-07-15,7.99,7.99,7.99,7.99,5110.0,0.0
2021-07-16,8.07,8.0,8.1,8.0,3410.0,0.0092
2021-07-19,8.07,8.07,8.07,8.07,240.0,0.0
2021-07-20,8.08,8.07,8.09,8.046666666666667,0.0,0.0
2021-07-21,8.09,8.07,8.110000000000001,8.023333333333333,0.0,0.0
2021-07-22,8.1,8.07,8.13,8.0,4500.0,0.0040999999999999995
2021-07-23,8.13,8.1,8.13,8.1,4740.0,0.0040999999999999995
2021-07-26,8.0,8.07,8.07,7.9,2060.0,-0.016399999999999998
2021-07-27,8.07,8.07,8.07,8.07,0.0,0.0083
2021-07-28,8.13,8.13,8.3,8.13,45400.0,0.0083
2021-07-29,8.14,8.17,8.17,8.07,4390.0,0.0008
2021-07-30,8.13,8.07,8.13,8.07,680.0,-0.0016
2021-08-02,8.13,8.13,8.13,8.07,2420.0,0.0008
2021-08-03,8.07,8.13,8.13,8.07,4080.0,-0.0074
2021-08-04,8.0,8.06,8.06,8.0,2930.0,-0.0091
2021-08-05,8.15,8.0,8.16,8.0,42550.0,0.0192
2021-08-06,8.13,8.15,8.15,8.0,2400.0,-0.0025
2021-08-09,8.13,8.13,8.13,8.13,20.0,0.0
2021-08-10,8.13,8.13,8.13,8.13,0.0,0.0
2021-08-11,8.13,8.13,8.13,8.13,2190.0,0.0
2021-08-12,8.13,8.13,8.13,8.13,1090.0,0.0
2021-08-13,8.13,8.07,8.13,8.065000000000001,0.0,0.0
2021-08-16,8.13,8.01,8.13,8.0,2220.0,0.0
2021-08-17,8.0,8.13,8.13,8.0,3820.0,-0.016399999999999998
2021-08-18,8.13,8.13,8.13,8.0,600.0,0.0158
2021-08-19,8.09,8.0,8.09,8.0,1790.0,-0.0049
2021-08-20,8.13,8.0,8.13,8.0,2440.0,0.0049
2021-08-23,8.12,8.12,8.13,8.0,1900.0,-0.0008
2021-08-24,8.1,8.1,8.1,8.1,890.0,-0.0025
2021-08-25,8.12,8.13,8.13,8.0,10300.0,0.0025
2021-08-26,8.12,8.13,8.15,8.12,6480.0,0.0
2021-08-27,8.47,8.12,8.47,8.12,120010.0,0.042699999999999995
2021-08-30,8.97,8.97,8.97,8.97,48860.0,0.059800000000000006
2021-08-31,9.06,9.51,9.51,9.06,73830.0,0.0097
2021-09-01,9.05,9.06,9.06,8.87,23690.0,-0.0007000000000000001
2021-09-02,9.05,9.05,9.05,8.89,21770.0,0.0
2021-09-03,9.0,9.05,9.05,9.0,61710.0,-0.0059
2021-09-06,8.97,9.0,9.0,8.88,6970.0,-0.0037
2021-09-07,8.96,8.93,8.99,8.87,8010.0,-0.0007000000000000001
2021-09-08,8.88,8.99,8.99,8.87,6120.0,-0.0089
2021-09-09,8.93,8.93,8.97,8.8,20350.0,0.006
2021-09-10,8.87,8.91,8.91,8.84,10950.0,-0.0075
2021-09-13,8.87,8.97,8.97,8.87,8109.999999999999,0.0
2021-09-14,8.79,8.86,8.86,8.79,7620.0,-0.0083
2021-09-15,8.9,8.97,8.97,8.79,46600.0,0.0121
2021-09-16,8.9,8.96,8.96,8.81,18470.0,0.0
2021-09-17,9.2,8.99,9.27,8.9,50610.0,0.0337
2021-09-20,9.27,9.13,9.37,9.13,13720.0,0.0072
2021-09-21,9.14,9.21,9.23,9.14,7500.0,-0.0137
2021-09-22,9.07,9.26,9.27,9.03,45440.0,-0.0073
2021-09-23,9.1,9.2,9.2,9.01,6810.0,0.0029
2021-09-24,9.07,9.13,9.2,9.07,18630.0,-0.0037
2021-09-27,9.2,9.2,9.2,9.19,5430.0,0.0147
2021-09-28,9.17,9.2,9.23,9.13,6980.0,-0.0036
2021-09-29,9.33,9.2,9.39,9.2,69620.0,0.0182
2021-09-30,9.27,9.33,9.33,9.27,21670.0,-0.0070999999999999995
2021-10-01,9.27,9.27,9.33,9.21,8830.0,0.0
2021-10-04,9.33,9.27,9.4,9.23,39290.0,0.0072
2021-10-05,9.33,9.33,9.39,9.3,22830.0,0.0
2021-10-06,9.39,9.35,9.41,9.29,48260.0,0.0064
2021-10-07,9.45,9.43,9.46,9.43,23620.0,0.0064
2021-10-08,9.5,9.47,9.53,9.45,57480.0,0.0049
2021-10-11,9.5,9.5,9.53,9.4,20450.0,0.0
2021-10-12,9.4,9.53,9.53,9.4,55600.0,-0.0105
2021-10-13,9.49,9.5,9.5,9.37,13410.0,0.009899999999999999
2021-10-14,9.34,9.35,9.35,9.29,17880.0,-0.016200000000000003
2021-10-15,9.336666666666666,9.366666666666667,9.366666666666667,9.283333333333333,0.0,0.0
2021-10-18,9.333333333333334,9.383333333333333,9.383333333333333,9.276666666666666,0.0,0.0
2021-10-19,9.33,9.4,9.4,9.27,6870.0,-0.0007000000000000001
2021-10-20,9.27,9.3,9.33,9.27,8140.000000000001,-0.0070999999999999995
2021-10-21,9.23,9.23,9.27,9.2,5630.0,-0.0036
2021-10-22,9.16,9.3,9.3,9.0,24560.0,-0.0079
2021-10-25,9.01,8.97,9.15,8.97,4050.0,-0.0167
2021-10-26,9.13,9.01,9.13,8.97,10020.0,0.0141
2021-10-27,9.13,9.13,9.33,9.13,8130.000000000001,-0.0007000000000000001
2021-10-28,9.33,9.33,9.39,9.17,25870.0,0.0219
2021-10-29,9.32,9.32,9.32,9.2,7470.0,-0.0007000000000000001
2021-11-01,9.27,9.32,9.33,9.2,21220.0,-0.005699999999999999
2021-11-02,9.27,9.27,9.31,9.13,1700.0,0.0
2021-11-03,9.27,9.27,9.27,9.09,8260.0,0.0
2021-11-04,9.27,9.2,9.31,9.2,235670.0,0.0
2021-11-05,9.27,9.27,9.32,9.27,12970.0,0.0
2021-11-08,9.27,9.27,9.27,9.27,4530.0,0.0
2021-11-09,9.27,9.2,9.3,9.2,2250.0,0.0
2021-11-10,9.23,9.27,9.27,9.2,4450.0,-0.0036
2021-11-11,9.2,9.27,9.27,9.13,1590.0,-0.0036
2021-11-12,9.2,9.27,9.27,9.19,25600.0,0.0
2021-11-15,9.19,9.27,9.27,9.13,3040.0,-0.0007000000000000001
2021-11-16,9.13,9.2,9.2,9.13,330.0,-0.006500000000000001
2021-11-17,9.13,9.13,9.13,9.1,9620.0,0.0
2021-11-18,9.3,9.3,9.31,9.2,2900.0,0.0182
2021-11-19,9.3,9.47,9.47,9.3,5090.0,0.0
2021-11-22,9.36,9.3,9.39,9.3,5480.0,0.006500000000000001
2021-11-23,9.35,9.42,9.42,9.35,2140.0,-0.0011
2021-11-24,9.3,9.41,9.41,9.3,1840.0,-0.0053
2021-11-25,9.29,9.23,9.3,8.99,1770.0,-0.0011
2021-11-26,9.2,9.3,9.3,9.07,4700.0,-0.0097
2021-11-29,9.24,9.29,9.29,9.0,2620.0,0.0043
2021-11-30,9.0,9.0,9.24,8.9,4940.0,-0.026000000000000002
2021-12-01,9.0,9.19,9.19,9.0,7380.0,0.0
2021-12-02,8.98,8.99,9.0,8.85,5100.0,-0.0022
2021-12-03,8.89,8.89,8.89,8.89,330.0,-0.01
2021-12-06,8.8,8.8,8.8,8.7,3510.0,-0.0101
2021-12-07,8.69,8.8,8.8,8.69,4090.0,-0.0125
2021-12-08,8.65,8.69,8.69,8.6,3070.0,-0.0046
2021-12-09,8.67,8.64,8.67,8.6,8600.0,0.0023
2021-12-10,8.6,8.61,8.67,8.6,48900.0,-0.008100000000000001
2021-12-13,8.6,8.6,8.6,8.6,4030.0000000000005,0.0
2021-12-14,8.6,8.6,8.6,8.4,2970.0,0.0
2021-12-15,8.7,8.46,8.88,8.46,5750.0,0.0116
2021-12-16,8.68,8.7,8.7,8.52,13820.0,-0.0023
2021-12-17,8.68,8.605,8.69,8.515,0.0,0.0
2021-12-20,8.68,8.51,8.68,8.51,1500.0,0.0
2021-12-21,8.6,8.6,8.6,8.55,2950.0,-0.0092
2021-12-22,8.46,8.5,8.6,8.46,24740.0,-0.0163
2021-12-23,8.58,8.48,8.58,8.45,3730.0,0.014199999999999999
2021-12-24,8.5,8.5,8.5,8.35,22160.0,-0.009300000000000001
2021-12-27,8.5,8.5,8.6,8.45,13140.0,0.0
2021-12-28,8.5,8.4,8.6,8.4,25030.0,0.0
2021-12-29,8.7,8.6,8.7,8.6,92840.0,0.0235
2021-12-30,8.68,8.78,8.79,8.6,13340.0,-0.0023
2021-12-31,8.67,8.67,8.69,8.6,17210.0,-0.0012
2022-01-03,8.84,8.89,8.9,8.67,3660.0,0.0196
2022-01-04,8.65,8.79,8.79,8.65,5920.0,-0.0215
2022-01-05,8.65,8.7,8.75,8.64,4740.0,0.0
2022-01-06,8.7,8.7,8.79,8.7,4160.0,0.0058
2022-01-07,8.7,8.75,8.75,8.64,4910.0,0.0
2022-01-10,8.68,8.7,8.7,8.68,4420.0,-0.0023
2022-01-11,8.68,8.68,8.75,8.68,6570.0,0.0
2022-01-12,8.69,8.7,8.7,8.67,6120.0,0.0012
2022-01-13,8.75,8.69,8.75,8.69,14410.0,0.0069
2022-01-14,8.85,8.79,8.95,8.75,19300.0,0.011399999999999999
2022-01-17,8.75,8.85,8.85,8.75,14970.0,-0.0113
2022-01-18,8.7,8.85,8.85,8.7,6370.0,-0.005699999999999999
2022-01-19,8.8,8.71,8.85,8.7,1830.0,0.0115
2022-01-20,8.71,8.73,8.79,8.71,4370.0,-0.0102
2022-01-21,8.7,8.71,8.8,8.7,3780.0,-0.0011
2022-01-24,8.96,8.68,8.97,8.68,16270.0,0.0667
2022-01-25,8.89,8.96,8.96,8.7,5770.0,-0.0078000000000000005
2022-01-26,8.76,8.97,8.97,8.76,2450.0,-0.0146
2022-01-27,8.8,8.76,8.92,8.73,7270.0,0.0046
2022-01-28,8.75,8.75,8.8,8.7,5410.0,-0.005699999999999999
2022-01-31,8.78,8.75,8.79,8.71,5500.0,0.0034000000000000002
2022-02-01,8.72,8.75,8.85,8.7,17520.0,-0.0068000000000000005
2022-02-02,8.75,8.72,8.78,8.68,7800.0,0.0034000000000000002
2022-02-03,8.74,8.75,8.8,8.69,5950.0,-0.0011
2022-02-04,8.7,8.72,8.74,8.69,3030.0,-0.0046
2022-02-07,8.7,8.68,8.8,8.68,2330.0,0.0
2022-02-08,8.68,8.7,8.7,8.65,2450.0,-0.0023
2022-02-09,8.64,8.68,8.68,8.55,7850.0,-0.0046
2022-02-10,8.64,8.55,8.65,8.55,3500.0,0.0
2022-02-11,8.77,8.65,8.85,8.65,8570.0,0.015
2022-02-14,8.77,8.77,8.8,8.75,2940.0,0.0
2022-02-15,8.76,8.8,8.8,8.6,4780.0,-0.0011
2022-02-16,8.75,8.76,8.77,8.6,4010.0,-0.0011
2022-02-17,8.78,8.75,8.8,8.75,1780.0,0.0034000000000000002
2022-02-18,8.75,8.7,8.78,8.7,2000.0,-0.0034000000000000002
2022-02-21,8.73,8.66,8.75,8.51,7750.0,-0.0023
2022-02-22,8.68,8.6,8.68,8.6,320.0,-0.005699999999999999
2022-02-23,8.65,8.68,8.68,8.51,5290.0,-0.0034999999999999996
2022-02-24,8.3,8.65,8.65,8.3,6980.0,-0.0405
2022-02-25,8.64,8.3,8.64,8.2,21970.0,0.040999999999999995
2022-02-28,8.6,8.64,8.64,8.4,7440.0,-0.0046
2022-03-01,8.43,8.55,8.55,8.4,5910.0,-0.019799999999999998
2022-03-02,8.42,8.5,8.5,8.29,3370.0,-0.0012
2022-03-03,8.37,8.49,8.49,8.27,29690.0,-0.0059
2022-03-04,8.47,8.47,8.5,8.4,3330.0,0.011899999999999999
2022-03-07,8.4,8.4,8.4,8.4,810.0,-0.0083
2022-03-08,8.4,8.3,8.4,8.25,11130.0,0.0
2022-03-09,8.35,8.44,8.44,8.25,4170.0,-0.006
2022-03-10,8.44,8.4,8.54,8.4,12210.0,0.0108
2022-03-11,8.44,8.35,8.54,8.27,7590.0,0.0
2022-03-14,8.39,8.27,8.4,8.27,2380.0,-0.0059
2022-03-15,8.38,8.27,8.39,8.27,2170.0,-0.0012
2022-03-16,8.38,8.46,8.46,8.32,3400.0,0.0
2022-03-17,8.47,8.32,8.48,8.3,25720.0,0.010700000000000001
2022-03-18,8.4,8.4,8.45,8.3,950.0,-0.0083
2022-03-21,8.34,8.44,8.44,8.3,4180.0,-0.0070999999999999995
2022-03-22,8.34,8.39,8.39,8.27,840.0,0.0
2022-03-23,8.3,8.34,8.35,8.3,6680.0,-0.0048
2022-03-24,8.3,8.28,8.35,8.25,2020000.0,0.0
2022-03-25,8.34,8.26,8.35,8.26,15390.0,0.0048
2022-03-28,8.29,8.29,8.3,8.2,11790.0,-0.006
2022-03-29,8.27,8.28,8.28,8.21,670.0,-0.0024
2022-03-30,8.2,8.27,8.27,8.2,890.0,-0.0085
2022-03-31,8.33,8.15,8.35,8.1,16420.0,0.0159
2022-04-01,8.34,8.35,8.35,8.34,20.0,0.0012
2022-04-04,8.32,8.34,8.34,8.2,1280.0,-0.0024
2022-04-05,8.25,8.3,8.32,8.2,4310.0,-0.0084
2022-04-06,8.3,8.25,8.3,8.12,8640.0,0.0060999999999999995
2022-04-07,8.29,8.254999999999999,8.295,8.184999999999999,0.0,0.0
2022-04-08,8.28,8.26,8.29,8.25,1740.0,-0.0024
2022-04-11,8.27,8.15,8.28,8.1,3610.0,-0.0012
2022-04-12,8.25,8.28,8.28,8.12,3000.0,-0.0024
2022-04-13,8.25,8.2,8.25,8.2,14320.0,0.0
2022-04-14,8.25,8.25,8.28,8.15,7220.0,0.0
2022-04-15,8.25,8.28,8.28,8.12,1070.0,0.0
2022-04-18,8.25,8.25,8.25,8.23,8010.0,0.0
2022-04-19,8.19,8.2,8.2,8.1,4900.0,-0.0073
2022-04-20,8.25,8.19,8.25,8.19,4330.0,0.0073
2022-04-21,8.25,8.25,8.25,8.2,8260.0,0.0
2022-04-22,8.14,8.25,8.25,8.14,5550.0,-0.013300000000000001
2022-04-25,8.23,8.24,8.24,8.11,8180.0,0.0111
2022-04-26,8.22,8.23,8.24,8.11,9500.0,-0.0012
2022-04-27,8.2,8.2,8.2,8.12,1740.0,-0.0024
2022-04-28,8.2,8.2,8.2,8.2,1400.0,0.0
2022-04-29,8.18,8.19,8.19,8.18,860.0,-0.0024
2022-05-02,8.183333333333334,8.19,8.193333333333333,8.18,0.0,0.0
2022-05-03,8.186666666666666,8.19,8.196666666666665,8.18,0.0,0.0
2022-05-04,8.19,8.19,8.2,8.18,6230.0,0.0012
2022-05-05,8.15,8.19,8.2,8.06,3240.0,-0.0049
2022-05-06,8.1,8.15,8.18,8.1,1960.0,-0.0060999999999999995
2022-05-09,8.07,8.14,8.14,8.06,4530.0,-0.0037
2022-05-10,8.13,8.05,8.14,8.0,5170.0,0.0074
2022-05-11,8.15,8.15,8.18,8.1,3870.0,0.0025
2022-05-12,8.14,8.14,8.14,8.0,2200.0,-0.0012
2022-05-13,8.14,8.18,8.19,8.0,3000.0,0.0
2022-05-16,8.13,8.22,8.22,8.13,1280.0,-0.0012
2022-05-17,8.09,8.12,8.12,8.0,3720.0,-0.0049
2022-05-18,7.98,8.1,8.1,7.97,17060.0,-0.013600000000000001
2022-05-19,7.98,7.98,7.98,7.8,16780.0,0.0
2022-05-20,7.97,7.85,7.97,7.85,2100.0,-0.0013
2022-05-23,7.97,7.97,7.97,7.7,6160.0,0.0
2022-05-24,7.93,7.95,7.95,7.8,6690.0,-0.005
2022-05-25,7.95,7.98,7.98,7.84,2820.0,0.0025
2022-05-26,8.0,7.98,8.0,7.9,2620.0,0.0063
2022-05-27,7.95,8.0,8.0,7.8,8620.0,-0.0063
2022-05-30,7.8,7.9,7.95,7.8,12540.0,-0.0189
2022-05-31,7.8,7.9,7.9,7.7,18910.0,0.0
2022-06-01,7.8,7.81,7.81,7.7,3070.0,0.0
2022-06-02,7.7,7.7,7.8,7.65,17150.0,-0.0128
2022-06-03,7.78,7.8,7.8,7.65,6690.0,0.0104
2022-06-06,7.7,7.7,7.77,7.62,7460.0,-0.0103
2022-06-07,7.64,7.63,7.7,7.6,13260.0,-0.0078000000000000005
2022-06-08,7.63,7.63,7.64,7.6,3560.0,-0.0013
2022-06-09,7.64,7.63,7.64,7.6,1840.0,0.0013
2022-06-10,7.55,7.7,7.85,7.41,4110.0,-0.0118
2022-06-13,7.55,7.55,7.55,7.42,4290.0,0.0
2022-06-14,7.55,7.55,7.55,7.44,1560.0,0.0
2022-06-15,7.54,7.55,7.55,7.5,2980.0,-0.0013
2022-06-16,7.54,7.5,7.54,7.45,6860.0,0.0
2022-06-17,7.5,7.5,7.53,7.4,18110.0,-0.0053
2022-06-20,7.43,7.49,7.5,7.43,5300.0,-0.009300000000000001
2022-06-21,7.54,7.5,7.55,7.4,27500.0,0.0148
2022-06-22,7.5,7.55,7.55,7.5,17230.0,-0.0053
2022-06-23,7.5,7.54,7.54,7.4,24660.0,0.0
2022-06-24,7.45,7.5,7.5,7.4,3420.0,-0.0067
2022-06-27,7.47,7.45,7.49,7.35,1470.0,0.0027
2022-06-28,7.5,7.48,7.5,7.48,1640.0,0.004
2022-06-29,7.47,7.5,7.5,7.4,6130.0,-0.004
2022-06-30,7.47,7.48,7.48,7.4,550.0,0.0
2022-07-01,7.46,7.46,7.46,7.46,1150.0,-0.0013
2022-07-04,7.45,7.46,7.46,7.4,4560.0,-0.0013
2022-07-05,7.36,7.45,7.45,7.36,15950.0,-0.0121
2022-07-06,7.47,7.4,7.47,7.4,7850.0,0.0149
2022-07-07,7.47,7.45,7.5,7.4,26540.0,0.0
2022-07-08,7.48,7.47,7.48,7.47,540.0,0.0013
2022-07-11,7.6,7.6,7.7,7.6,7470.0,0.016
2022-07-12,8.05,7.7,8.05,7.7,32080.0,0.0592
2022-07-13,8.18,8.21,8.21,8.1,6590.0,0.0161
2022-07-14,8.14,8.18,8.18,7.87,9370.0,-0.0049
2022-07-15,8.12,8.1,8.14,8.06,2760.0,-0.0025
2022-07-18,8.17,8.12,8.17,8.02,6060.0,0.0062
2022-07-19,8.09,8.0,8.1,7.91,2810.0,-0.0098
2022-07-20,8.08,8.05,8.09,7.93,2840.0,-0.0012
2022-07-21,8.05,8.05,8.05,8.05,70.0,-0.0037
2022-07-22,8.0,8.0,8.05,8.0,2840.0,-0.0062
2022-07-25,7.92,8.0,8.025,7.92,0.0,0.0
2022-07-26,7.84,8.0,8.0,7.84,7280.0,-0.02
2022-07-27,7.84,7.84,7.84,7.75,3350.0,0.0
2022-07-28,7.75,7.8,7.84,7.74,1280.0,-0.0115
2022-07-29,7.74,7.75,7.81,7.74,5480.0,-0.0013
2022-08-01,7.9,7.84,7.9,7.84,3560.0,0.0207
2022-08-02,7.8,7.7,7.8,7.7,5340.0,-0.0127
2022-08-03,7.8,7.8,7.8,7.8,4230.0,0.0
2022-08-04,7.8,7.7,7.8,7.7,7150.0,0.0
2022-08-05,7.64,7.8,7.8,7.64,4570.0,-0.020499999999999997
2022-08-08,7.89,7.64,7.9,7.6,13870.0,0.0327
2022-08-09,7.85,7.88,7.88,7.8,390.0,-0.0051
2022-08-10,7.89,7.85,7.89,7.85,590.0,0.0051
2022-08-11,7.8,7.8,7.8,7.8,3630.0,-0.011399999999999999
2022-08-12,7.85,7.76,7.85,7.75,320.0,0.0064
2022-08-15,7.89,7.75,7.98,7.75,5120.0,0.0051
2022-08-16,7.85,7.98,7.98,7.85,980.0,-0.0051
2022-08-17,7.8,7.8,7.8,7.75,2120.0,-0.0064
2022-08-18,7.8,7.78,7.9,7.78,2570.0,0.0
2022-08-19,7.78,7.78,7.78,7.73,3070.0,-0.0026
2022-08-22,7.75,7.78,7.78,7.65,3300.0,-0.0039000000000000003
2022-08-23,7.74,7.7,7.74,7.67,2770.0,-0.0013
2022-08-24,7.75,7.74,7.77,7.74,3660.0,0.0013
2022-08-25,7.68,7.75,7.75,7.67,4580.0,-0.009000000000000001
2022-08-26,7.75,7.68,7.79,7.68,17190.0,0.0091
2022-08-29,7.75,7.75,7.78,7.69,1830.0,0.0
2022-08-30,7.6,7.66,7.66,7.5,13760.0,-0.0194
2022-08-31,7.5,7.6,7.6,7.46,6720.0,-0.0132
2022-09-01,7.5,7.48,7.55,7.4,9170.0,0.0
2022-09-02,7.55,7.47,7.55,7.45,4260.0,0.0067
2022-09-05,7.45,7.55,7.56,7.45,21210.0,-0.0132
2022-09-06,7.5,7.45,7.5,7.35,11340.0,0.0067
2022-09-07,7.6,7.3,7.6,7.3,4720.0,0.013300000000000001
2022-09-08,7.5,7.55,7.6,7.5,3120.0,-0.0132
2022-09-09,7.5,7.59,7.59,7.4,6160.0,0.0
2022-09-12,7.5,7.53,7.53,7.4,4850.0,0.0
2022-09-13,7.4,7.5,7.5,7.4,2380.0,-0.013300000000000001
2022-09-14,7.45,7.45,7.45,7.35,8189.999999999999,0.0068000000000000005
2022-09-15,7.45,7.42,7.45,7.37,18360.0,0.0
2022-09-16,7.35,7.45,7.45,7.32,16160.0,-0.0134
2022-09-19,7.35,7.35,7.4,7.32,1460.0,0.0
2022-09-20,7.35,7.34,7.39,7.34,5580.0,0.0
2022-09-21,7.57,7.32,7.57,7.28,18120.0,0.029900000000000003
2022-09-22,7.55,7.57,7.57,7.55,1120.0,-0.0026
2022-09-23,7.5,7.5,7.57,7.49,6420.0,-0.0066
2022-09-26,7.45,7.38,7.54,7.38,4570.0,-0.0067
2022-09-27,7.41,7.43,7.46,7.36,9520.0,-0.0054
2022-09-28,7.37,7.42,7.54,7.36,9620.0,-0.0054
2022-09-29,7.35,7.36,7.41,7.35,8039.999999999999,-0.0027
2022-09-30,7.4,7.35,7.54,7.3,9240.0,0.0068000000000000005
2022-10-03,7.39,7.39,7.39,7.31,440.0,-0.0014000000000000002
2022-10-04,7.27,7.38,7.38,7.26,5110.0,-0.016200000000000003
2022-10-05,7.35,7.3,7.38,7.2,4880.0,0.011000000000000001
2022-10-06,7.34,7.35,7.35,7.21,2540.0,-0.0014000000000000002
2022-10-07,7.33,7.35,7.35,7.2,1810.0,-0.0014000000000000002
2022-10-10,7.34,7.34,7.35,7.3,1340.0,0.0014000000000000002
2022-10-11,7.3,7.34,7.35,7.3,1410.0,-0.0054
2022-10-12,7.3,7.3,7.34,7.24,2500.0,0.0
2022-10-13,7.29,7.29,7.3,7.26,3150.0,-0.0014000000000000002
2022-10-14,7.29,7.29,7.3,7.25,3950.0,0.0
2022-10-17,7.29,7.25,7.29,7.2,6350.0,0.0
2022-10-18,7.25,7.25,7.26,7.2,1800.0,-0.0055000000000000005
2022-10-19,7.24,7.24,7.24,7.2,3860.0,-0.0014000000000000002
2022-10-20,7.12,7.15,7.23,7.12,3980.0,-0.0166
2022-10-21,7.1,7.2,7.2,7.1,9420.0,-0.0028000000000000004
2022-10-24,7.3,7.1,7.3,7.1,9820.0,0.0282
2022-10-25,7.29,7.2,7.29,7.06,2690.0,-0.0014000000000000002
2022-10-26,7.28,7.25,7.29,7.25,620.0,-0.0014000000000000002
2022-10-27,7.29,7.2,7.29,7.16,1680.0,0.0014000000000000002
2022-10-28,7.27,7.27,7.27,7.17,1920.0,-0.0027
2022-10-31,7.29,7.27,7.29,7.26,5080.0,0.0028000000000000004
2022-11-01,7.29,7.27,7.29,7.18,4010.0,0.0
2022-11-02,7.3,7.29,7.3,7.17,5680.0,0.0014000000000000002
2022-11-03,7.3,7.16,7.3,7.16,8210.0,0.0
2022-11-04,7.3,7.18,7.3,7.18,740.0,0.0
2022-11-07,7.28,7.28,7.28,7.23,1330.0,-0.0027
2022-11-08,7.2,7.25,7.25,7.2,2390.0,-0.011000000000000001
2022-11-09,7.2,7.2,7.21,7.2,2430.0,0.0
2022-11-10,7.25,7.2,7.25,7.18,2220.0,0.0069
2022-11-11,7.25,7.2,7.25,7.2,5780.0,0.0
2022-11-14,7.25,7.22,7.25,7.18,5750.0,0.0
2022-11-15,7.18,7.2,7.2,7.18,3940.0,-0.0097
2022-11-16,7.2,7.14,7.2,7.12,900.0,0.0028000000000000004
2022-11-17,7.18,7.2,7.2,7.18,500.0,-0.0028000000000000004
2022-11-18,7.2,7.2,7.25,7.19,3070.0,0.0028000000000000004
2022-11-21,7.2,7.2,7.2,7.0,136890.0,0.0
2022-11-22,7.2,7.2,7.2,7.06,3060.0,0.0
2022-11-23,7.2,7.06,7.21,7.06,1860.0,0.0
2022-11-24,7.2,7.2,7.2,7.15,860.0,0.0
2022-11-25,7.2,7.08,7.2,7.08,4520.0,0.0
2022-11-28,7.18,7.2,7.3,7.18,9310.0,-0.0028000000000000004
2022-11-29,7.18,7.18,7.3,7.18,1520.0,0.0
2022-11-30,7.16,7.16,7.16,7.05,7710.0,-0.0028000000000000004
2022-12-01,7.05,7.16,7.16,7.05,14940.0,-0.0154
2022-12-02,7.04,7.05,7.25,7.0,13570.0,-0.0014000000000000002
2022-12-05,7.15,7.15,7.25,7.15,6250.0,0.015600000000000001
2022-12-06,7.11,7.17,7.17,7.1,3110.0,-0.005600000000000001
2022-12-07,7.15,7.14,7.15,7.11,1450.0,0.005600000000000001
2022-12-08,7.12,7.14,7.14,7.1,5850.0,-0.0042
2022-12-09,7.1,7.1,7.15,7.1,3810.0,-0.0028000000000000004
2022-12-12,7.15,7.1,7.17,7.1,1310.0,0.006999999999999999
2022-12-13,7.15,7.14,7.15,7.05,1400.0,0.0
2022-12-14,7.08,7.1,7.1,7.08,2840.0,-0.0098
2022-12-15,7.08,7.15,7.15,7.05,2900.0,0.0
2022-12-16,7.08,7.05,7.14,7.05,430.0,0.0
2022-12-19,7.13,7.11,7.14,7.08,410.0,0.0070999999999999995
2022-12-20,7.13,7.06,7.13,7.05,1690.0,0.0
2022-12-21,7.13,7.12,7.13,7.11,4240.0,0.0
2022-12-22,7.13,7.06,7.13,7.0,8620.0,0.0
2022-12-23,7.109999999999999,7.035,7.115,7.0,0.0,0.0
2022-12-26,7.09,7.01,7.1,7.0,2440.0,-0.005600000000000001
2022-12-27,7.0,7.1,7.1,6.97,3000.0,-0.0127
2022-12-28,7.1,7.1,7.1,7.1,0.0,0.0143
2022-12-29,7.0,7.0,7.04,6.93,4740.0,-0.0141
2022-12-30,7.05,7.0,7.06,6.9,26490.0,0.0070999999999999995
2023-01-02,6.99,7.0,7.0,6.87,4240.0,-0.0085
2023-01-03,6.85,6.92,6.92,6.77,20050.0,-0.02
2023-01-04,6.8,6.85,6.85,6.69,30270.0,-0.0073
2023-01-05,6.71,6.63,6.79,6.63,12260.0,-0.0132
2023-01-06,6.66,6.6,6.71,6.54,5830.0,-0.0075
2023-01-09,6.77,6.54,6.82,6.54,13100.0,0.0165
2023-01-10,6.6,6.77,6.77,6.55,16520.0,-0.025099999999999997
2023-01-11,6.7,6.6,6.75,6.59,12200.0,0.0152
2023-01-12,6.6,6.69,6.7,6.54,6540.0,-0.0149
2023-01-13,6.82,6.55,6.82,6.45,9660.0,0.0333
2023-01-16,6.82,6.44,6.88,6.44,53960.0,0.0
2023-01-17,6.8,6.78,6.8,6.67,19250.0,-0.0029
2023-01-18,6.75,6.7,6.79,6.6,3750.0,-0.0074
2023-01-19,6.82,6.74,6.82,6.74,2000.0,0.0104
2023-01-20,6.77,6.81,6.81,6.68,5210.0,-0.0073
2023-01-23,6.77,6.77,6.81,6.63,6800.0,0.0
2023-01-24,6.82,6.63,6.82,6.63,4430.0,0.0074
2023-01-25,6.75,6.75,6.8,6.67,8380.0,-0.0103
2023-01-26,6.7,6.73,6.79,6.65,3830.0,-0.0074
2023-01-27,6.8,6.7,6.8,6.62,17910.0,0.0149
2023-01-30,6.85,6.8,6.85,6.8,3010.0,0.0074
2023-01-31,6.85,6.8,6.9,6.67,3580.0,0.0
2023-02-01,6.89,6.89,6.95,6.89,9110.0,0.0058
2023-02-02,6.91,6.89,6.91,6.89,3800.0,0.0029
2023-02-03,6.93,6.91,6.93,6.86,5230.0,0.0029
2023-02-06,7.04,6.9,7.04,6.9,8020.0,0.0159
2023-02-07,7.1,7.03,7.1,6.94,4140.0,0.0085
2023-02-08,7.1,6.94,7.12,6.94,2590.0,0.0
2023-02-09,7.0,7.08,7.11,7.0,3050.0,-0.0141
2023-02-10,7.09,7.0,7.09,6.95,2680.0,0.0129
2023-02-13,7.08,7.08,7.08,7.05,200.0,-0.0014000000000000002
2023-02-14,7.12,7.05,7.12,7.05,13860.0,0.005600000000000001
2023-02-15,7.1,7.11,7.12,7.01,3510.0,-0.0028000000000000004
2023-02-16,7.26,7.0,7.26,7.0,14480.0,0.0225
2023-02-17,7.3,7.3,7.3,7.21,3920.0,0.0055000000000000005
2023-02-20,7.3,7.3,7.3,7.3,3270.0,0.0
2023-02-21,7.35,7.2,7.38,7.2,3580.0,0.0068000000000000005
2023-02-22,7.35,7.35,7.38,7.35,4860.0,0.0
2023-02-23,7.26,7.3,7.45,7.1,58190.0,-0.012199999999999999
2023-02-24,7.4,7.4,7.42,7.4,9490.0,0.019299999999999998
2023-02-27,7.12,7.38,7.4,7.12,8500.0,-0.0378
2023-02-28,7.38,7.11,7.4,7.11,6570.0,0.0365
2023-03-01,7.38,7.38,7.38,7.3,5290.0,0.0
2023-03-02,7.37,7.37,7.38,7.37,3230.0,-0.0014000000000000002
2023-03-03,7.42,7.38,7.45,7.38,3090.0,0.0068000000000000005
2023-03-06,7.4,7.42,7.44,7.4,8430.0,-0.0027
2023-03-07,7.59,7.31,7.6,7.3,7650.0,0.025699999999999997
2023-03-08,7.68,7.5,7.68,7.5,5050.0,0.011899999999999999
2023-03-09,7.6,7.68,7.68,7.6,5480.0,-0.0104
2023-03-10,7.59,7.6,7.66,7.59,2900.0,-0.0013
2023-03-13,7.53,7.5,7.55,7.48,5330.0,-0.0079
2023-03-14,7.54,7.54,7.55,7.5,1280.0,0.0013
2023-03-15,7.57,7.55,7.6,7.33,1700.0,0.004
2023-03-16,7.5,7.65,7.65,7.5,1790.0,-0.0092
2023-03-17,7.5,7.5,7.63,7.5,3250.0,0.0
2023-03-20,7.5,7.5,7.5649999999999995,7.45,0.0,0.0
2023-03-21,7.5,7.5,7.5,7.4,3130.0,0.0
2023-03-22,7.47,7.4,7.47,7.34,5150.0,-0.004
2023-03-23,7.49,7.2,7.49,7.2,1950.0,0.0027
2023-03-24,7.4,7.49,7.5,7.4,3210.0,-0.012
2023-03-27,7.4,7.4,7.4,7.4,630.0,0.0
2023-03-28,7.21,7.2,7.4,7.2,5310.0,-0.025699999999999997
2023-03-29,7.35,7.21,7.38,7.2,4350.0,0.0194
2023-03-30,7.29,7.35,7.35,7.06,1500.0,-0.008199999999999999
2023-03-31,7.35,7.35,7.35,7.35,340.0,0.008199999999999999
2023-04-03,7.41,7.32,7.42,7.12,13840.0,0.008199999999999999
2023-04-04,7.39,7.3,7.4,7.2,3510.0,-0.0027
2023-04-05,7.3,7.3,7.3,7.22,7730.0,-0.012199999999999999
2023-04-06,7.34,7.23,7.38,7.22,35390.0,0.0055000000000000005
2023-04-07,7.32,7.35,7.35,7.2,12600.0,-0.0027
2023-04-10,7.29,7.11,7.29,7.11,2720.0,-0.0040999999999999995
2023-04-11,7.24,7.24,7.24,7.1,2050.0,-0.0069
2023-04-12,7.07,7.05,7.27,7.05,5530.0,-0.0235
2023-04-13,7.2,7.1,7.3,7.1,3720.0,0.0184
2023-04-14,7.2,7.28,7.28,7.2,1860.0,0.0
2023-04-17,7.2,7.19,7.2,7.19,310.0,0.0
2023-04-18,7.19,7.2,7.3,7.08,3060.0,-0.0014000000000000002
2023-04-19,7.11,7.3,7.37,7.11,2400.0,-0.0111
2023-04-20,7.3,7.39,7.4,7.3,2640.0,0.026699999999999998
2023-04-21,7.335,7.335,7.390000000000001,7.29,0.0,0.0
2023-04-24,7.37,7.28,7.38,7.28,1800.0,0.0096
2023-04-25,7.43,7.37,7.47,7.31,2880.0,0.008100000000000001
2023-04-26,7.32,7.4,7.44,7.3,10250.0,-0.0148
2023-04-27,7.44,7.32,7.45,7.32,24870.0,0.016399999999999998
2023-04-28,7.48,7.4,7.48,7.31,3800.0,0.0054
2023-05-01,7.475,7.4,7.485,7.355,0.0,0.0
2023-05-02,7.47,7.4,7.49,7.4,32360.0,-0.0013
2023-05-03,7.4,7.4,7.4,7.32,6970.0,-0.009399999999999999
2023-05-04,7.39,7.3,7.4,7.3,6480.0,-0.0014000000000000002
2023-05-05,7.38,7.3,7.39,7.3,3530.0,-0.0014000000000000002
2023-05-08,7.37,7.29,7.4,7.29,3880.0,-0.0014000000000000002
2023-05-09,7.38,7.31,7.38,7.3,6000.0,0.0014000000000000002
2023-05-10,7.49,7.4,7.49,7.31,4550.0,0.0149
2023-05-11,7.48,7.4,7.48,7.32,14140.0,-0.0013
2023-05-12,7.44,7.34,7.45,7.25,16149.999999999998,-0.0053
2023-05-15,7.42,7.3,7.44,7.3,3280.0,-0.0027
2023-05-16,7.44,7.4,7.52,7.39,23750.0,0.0027
2023-05-17,7.4,7.45,7.45,7.34,13780.0,-0.0054
2023-05-18,7.4,7.39,7.4,7.35,11820.0,0.0
2023-05-19,7.35,7.35,7.4,7.2,5480.0,-0.0068000000000000005
2023-05-22,7.35,7.35,7.35,7.2,2240.0,0.0
2023-05-23,7.39,7.3,7.39,7.22,8790.0,0.0054
2023-05-24,7.65,7.39,7.65,7.35,51000.0,0.0352
2023-05-25,8.1,7.65,8.1,7.65,97010.0,0.0588
2023-05-26,8.16,8.18,8.3,8.15,55540.0,0.0074
2023-05-29,8.18,8.16,8.25,8.13,24680.0,0.0025
2023-05-30,8.0,8.18,8.2,8.0,13710.0,-0.022000000000000002
2023-05-31,7.89,8.0,8.0,7.72,6080.0,-0.0138
2023-06-01,7.89,7.9,7.9,7.71,6050.0,0.0
2023-06-02,8.1,7.74,8.15,7.74,16600.0,0.026600000000000002
2023-06-05,8.0,8.1,8.18,8.0,13410.0,-0.0123
2023-06-06,8.08,8.0,8.08,8.0,5580.0,0.01
2023-06-07,8.06,8.0,8.06,7.95,48820.0,-0.0025
2023-06-08,8.1,8.0,8.14,8.0,14810.0,0.005
2023-06-09,8.13,8.1,8.15,8.1,10640.0,0.0037
2023-06-12,8.07,8.08,8.1,8.0,4070.0000000000005,-0.0074
2023-06-13,8.13,8.0,8.18,8.0,14670.0,0.0074
2023-06-14,8.1,8.13,8.18,8.1,2470.0,-0.0037
2023-06-15,8.0,8.09,8.12,8.0,7550.0,-0.0123
2023-06-16,8.09,8.01,8.1,8.0,11710.0,0.0113
2023-06-19,8.16,8.1,8.16,8.1,13570.0,0.0087
2023-06-20,8.2,8.16,8.23,8.16,6530.0,0.0049
2023-06-21,8.19,8.16,8.23,8.15,15060.0,-0.0012
2023-06-22,8.2,8.19,8.31,8.17,18030.0,0.0012
2023-06-23,8.22,8.2,8.22,8.19,5810.0,0.0024
2023-06-26,8.15,8.21,8.23,8.15,1480.0,-0.0085
2023-06-27,8.2,8.2,8.2,8.2,12200.0,0.0060999999999999995
2023-06-28,8.233333333333333,8.2,8.236666666666666,8.15,0.0,0.0
2023-06-29,8.266666666666667,8.2,8.273333333333333,8.1,0.0,0.0
2023-06-30,8.3,8.2,8.31,8.05,13870.0,0.012199999999999999
2023-07-03,8.33,8.34,8.34,8.33,320.0,0.0036
2023-07-04,8.25,8.3,8.33,8.25,8320.0,-0.0096
2023-07-05,8.25,8.3,8.32,8.15,5650.0,0.0
2023-07-06,8.19,8.18,8.25,8.17,5270.0,-0.0073
2023-07-07,8.3,8.18,8.3,8.18,37050.0,0.0134
2023-07-10,8.2,8.2,8.26,8.19,1560.0,-0.012
2023-07-11,8.2,8.25,8.25,8.15,2550.0,0.0
2023-07-12,8.29,8.2,8.3,8.2,130.0,0.011000000000000001
2023-07-13,8.29,8.29,8.29,8.29,1280.0,0.0
2023-07-14,8.15,8.29,8.29,8.15,7320.0,-0.0169
2023-07-17,8.25,8.29,8.29,8.25,380.0,0.0123
2023-07-18,8.1,8.2,8.2,8.1,9710.0,-0.0182
2023-07-19,8.135,8.125,8.195,8.065,0.0,0.0
2023-07-20,8.17,8.05,8.19,8.03,6590.0,0.0086
2023-07-21,8.18,8.18,8.2,8.18,3980.0,0.0012
2023-07-24,8.2,8.2,8.2,8.2,250.0,0.0024
2023-07-25,8.219999999999999,8.195,8.225,8.165,0.0,0.0
2023-07-26,8.24,8.19,8.25,8.13,13500.0,0.0049
2023-07-27,8.23,8.24,8.24,8.15,3310.0,-0.0012
2023-07-28,8.22,8.16,8.22,8.16,30.0,-0.0012
2023-07-31,8.2,8.09,8.2,8.05,8500.0,-0.0024
2023-08-01,8.25,8.2,8.27,8.2,940.0,0.0060999999999999995
2023-08-02,8.24,8.24,8.25,8.24,120.0,-0.0012
2023-08-03,8.25,8.23,8.27,8.15,2880.0,0.0012
2023-08-04,8.15,8.15,8.15,8.15,660.0,-0.0121
2023-08-07,8.13,8.1,8.15,8.1,1530.0,-0.0025
2023-08-08,8.05,8.14,8.14,8.05,2560.0,-0.0098
2023-08-09,8.05,8.0,8.13,8.0,840.0,0.0
2023-08-10,8.0,8.0,8.05,8.0,7600.0,-0.0062
2023-08-11,8.11,8.0,8.11,8.0,3160.0,0.0137
2023-08-14,8.155,8.0,8.175,8.0,0.0,0.0
2023-08-15,8.2,8.0,8.24,8.0,6480.0,0.0111
2023-08-16,8.2,8.19,8.2,8.19,1500.0,0.0
2023-08-17,8.2,8.2,8.2,8.2,710.0,0.0
2023-08-18,8.2,8.19,8.2,8.19,2840.0,0.0
2023-08-21,8.149999999999999,8.125,8.205,8.125,0.0,0.0
2023-08-22,8.1,8.06,8.21,8.06,910.0,-0.012199999999999999
2023-08-23,8.2,8.2,8.2,8.2,10.0,0.0123
2023-08-24,8.19,8.05,8.2,8.05,3250.0,-0.0012
2023-08-25,8.18,8.18,8.18,8.18,2500.0,-0.0012
2023-08-28,8.32,8.15,8.32,8.15,6380.0,0.0171
2023-08-29,8.45,8.33,8.59,8.32,19530.0,0.015600000000000001
2023-08-30,8.5,8.45,8.5,8.45,6340.0,0.0059
2023-08-31,8.5,8.49,8.5,8.49,720.0,0.0
2023-09-01,8.5,8.33,8.5,8.21,14120.0,0.0
2023-09-04,8.41,8.48,8.48,8.41,3500.0,-0.0106
2023-09-05,8.41,8.39,8.41,8.39,1070.0,0.0
2023-09-06,8.6,8.45,8.88,8.45,62570.0,0.0226
2023-09-07,8.7,8.61,8.75,8.6,11720.0,0.0116
2023-09-08,8.7,8.7,8.7,8.65,4940.0,0.0
2023-09-11,8.72,8.74,8.75,8.66,670.0,0.0023
2023-09-12,8.68,8.68,8.7,8.59,4570.0,-0.0046
2023-09-13,8.67,8.57,8.67,8.57,2730.0,-0.0012
2023-09-14,8.7,8.6,8.7,8.6,9670.0,0.0034999999999999996
2023-09-15,8.67,8.67,8.75,8.67,1180.0,-0.0034000000000000002
2023-09-18,8.7,8.6,8.74,8.6,1500.0,0.0034999999999999996
2023-09-19,8.74,8.7,8.74,8.6,6320.0,0.0046
2023-09-20,8.71,8.74,8.74,8.6,1040.0,-0.0034000000000000002
2023-09-21,8.6,8.6,8.7,8.6,5040.0,-0.0126
2023-09-22,8.6,8.6,8.69,8.57,6040.0,0.0
2023-09-25,8.6,8.7,8.7,8.57,1880.0,0.0
2023-09-26,8.68,8.58,8.68,8.57,7550.0,0.009300000000000001
2023-09-27,8.69,8.615,8.69,8.61,0.0,0.0
2023-09-28,8.7,8.65,8.7,8.65,2410.0,0.0023
2023-09-29,8.69,8.53,8.69,8.53,1940.0,-0.0011
2023-10-02,8.65,8.65,8.65,8.65,100.0,-0.0046
2023-10-03,8.6,8.6,8.7,8.6,4220.0,-0.0058
2023-10-04,8.6,8.6,8.6,8.6,190.0,0.0
2023-10-05,8.6,8.5,8.6,8.5,10090.0,0.0
2023-10-06,8.75,8.59,8.78,8.59,19890.0,0.0174
2023-10-09,8.725,8.645,8.739999999999998,8.64,0.0,0.0
2023-10-10,8.7,8.7,8.7,8.69,14710.0,-0.005699999999999999
2023-10-11,8.6,8.7,8.7,8.59,2520.0,-0.0115
2023-10-12,8.69,8.6,8.69,8.6,720.0,0.0105
2023-10-13,8.67,8.6,8.68,8.6,9060.0,-0.0023
2023-10-16,8.6,8.67,8.67,8.6,500.0,-0.008100000000000001
2023-10-17,8.6,8.6,8.7,8.6,610.0,0.0
2023-10-18,8.6,8.59,8.675,8.55,0.0,0.0
2023-10-19,8.6,8.58,8.65,8.5,3670.0,0.0
2023-10-20,8.5,8.7,8.7,8.33,240.0,-0.0116
2023-10-23,8.69,8.5,8.69,8.5,1920.0,0.022400000000000003
2023-10-24,8.6,8.6,8.6,8.6,2000.0,-0.0104
2023-10-25,8.6,8.53,8.65,8.5,4330.0,0.0
2023-10-26,8.6,8.6,8.6,8.6,400.0,0.0
2023-10-27,8.6,8.5,8.6,8.5,790.0,0.0
2023-10-30,8.54,8.32,8.57,8.32,2360.0,-0.006999999999999999
2023-10-31,8.52,8.41,8.535,8.41,0.0,0.0
2023-11-01,8.5,8.5,8.5,8.5,1080.0,-0.004699999999999999
2023-11-02,8.45,8.33,8.45,8.33,26130.0,-0.0059
2023-11-03,8.45,8.45,8.5,8.45,1200.0,0.0
2023-11-06,8.45,8.45,8.45,8.45,10.0,0.0
2023-11-07,8.39,8.4,8.4,8.35,690.0,-0.0070999999999999995
2023-11-08,8.52,8.38,8.52,8.36,3020.0,0.0155
2023-11-09,8.42,8.42,8.42,8.41,1030.0,-0.011699999999999999
2023-11-10,8.51,8.49,8.51,8.49,370.0,0.010700000000000001
2023-11-13,8.4,8.45,8.51,8.38,2390.0,-0.0129
2023-11-14,8.39,8.36,8.4,8.36,1110.0,-0.0012
2023-11-15,8.49,8.4,8.5,8.39,1460.0,0.011899999999999999
2023-11-16,8.48,8.36,8.48,8.36,1840.0,-0.0012
2023-11-17,8.36,8.48,8.48,8.36,1000.0,-0.014199999999999999
2023-11-20,8.36,8.440000000000001,8.440000000000001,8.36,0.0,0.0
2023-11-21,8.36,8.4,8.4,8.36,5290.0,0.0
2023-11-22,8.3,8.38,8.39,8.29,4480.0,-0.0072
2023-11-23,8.48,8.3,8.49,8.3,470.0,0.0217
2023-11-24,8.39,8.32,8.39,8.3,1710.0,-0.0106
2023-11-27,8.31,8.4,8.44,8.31,5300.0,-0.0095
2023-11-28,8.4,8.4,8.4,8.4,1270.0,0.0108
2023-11-29,8.3,8.3,8.47,8.3,6410.0,-0.011899999999999999
2023-11-30,8.3,8.3,8.5,8.3,7710.0,0.0
2023-12-01,8.3,8.4,8.4,8.23,2910.0,0.0
2023-12-04,8.3,8.3,8.3,8.23,2100.0,0.0
2023-12-05,8.49,8.5,8.5,8.33,380.0,0.0229
2023-12-06,8.3,8.48,8.48,8.3,1840.0,-0.022400000000000003
2023-12-07,8.26,8.3,8.3,8.26,4280.0,-0.0048
2023-12-08,8.43,8.3,8.44,8.24,3010.0,0.0206
2023-12-11,8.3,8.3,8.3,8.3,1000.0,-0.0154
2023-12-12,8.37,8.3,8.38,8.3,1700.0,0.0084
2023-12-13,8.35,8.35,8.35,8.26,2890.0,-0.0024
2023-12-14,8.36,8.3,8.39,8.3,7590.0,0.0012
2023-12-15,8.47,8.39,8.48,8.39,16210.0,0.0132
2023-12-18,8.48,8.47,8.5,8.33,7030.0,0.0012
2023-12-19,8.5,8.44,8.5,8.4,4780.0,0.0024
2023-12-20,8.55,8.49,8.55,8.4,11220.0,0.0059
2023-12-21,8.41,8.55,8.55,8.4,9440.0,-0.016399999999999998
2023-12-22,8.52,8.31,8.55,8.31,23210.0,0.0131
2023-12-25,8.5,8.52,8.52,8.3,8189.999999999999,-0.0023
2023-12-26,8.5,8.3,8.52,8.3,18360.0,0.0
2023-12-27,8.56,8.45,8.56,8.25,17510.0,0.0070999999999999995
2023-12-28,8.82,8.55,8.82,8.55,57530.0,0.0304
2023-12-29,8.92,8.8,9.0,8.66,35770.0,0.0113
2024-01-01,8.71,8.75,8.85,8.525,0.0,0.0
2024-01-02,8.5,8.7,8.7,8.39,32400.0,-0.0471
2024-01-03,8.39,8.45,8.5,8.39,2009.9999999999998,-0.0129
2024-01-04,8.39,8.39,8.4,8.31,3840.0,0.0
2024-01-05,8.3,8.3,8.39,8.3,6240.0,-0.010700000000000001
2024-01-08,8.3,8.3,8.39,8.24,18670.0,0.0
2024-01-09,8.21,8.3,8.3,8.21,10030.0,-0.0108
2024-01-10,8.18,8.34,8.34,8.18,3010.0,-0.0037
2024-01-11,8.15,8.18,8.18,8.1,1500.0,-0.0037
2024-01-12,8.15,8.01,8.15,8.01,930.0,0.0
2024-01-15,8.14,8.2,8.2,8.14,6530.0,-0.0012
2024-01-16,8.1,8.14,8.15,8.1,6940.0,-0.0049
2024-01-17,8.0,8.1,8.1,8.0,13180.0,-0.0123
2024-01-18,8.14,8.15,8.15,8.0,5450.0,0.0175
2024-01-19,8.1,8.14,8.14,8.04,2930.0,-0.0049
2024-01-22,8.0,8.05,8.19,7.95,60770.0,-0.0123
2024-01-23,8.03,8.0,8.2,8.0,2270.0,0.0037
2024-01-24,8.19,8.05,8.2,8.0,13390.0,0.0199
2024-01-25,8.35,8.19,8.39,8.15,20930.0,0.0195
2024-01-26,8.2,8.21,8.21,8.1,460.0,-0.018000000000000002
2024-01-29,8.4,8.19,8.4,8.1,2430.0,0.024399999999999998
2024-01-30,8.1,8.1,8.1,8.1,12820.0,-0.035699999999999996
2024-01-31,8.25,8.09,8.25,8.09,1360.0,0.018500000000000003
2024-02-01,8.1,8.0,8.25,7.92,3820.0,-0.0182
2024-02-02,8.1,7.94,8.1,7.9,14500.0,0.0
2024-02-05,8.149999999999999,8.07,8.19,8.0,0.0,0.0
2024-02-06,8.2,8.2,8.28,8.1,21410.0,0.0123
2024-02-07,8.2,8.2,8.27,8.2,2200.0,0.0
2024-02-08,8.2,8.2,8.2,8.2,3340.0,0.0
2024-02-09,8.3,8.3,8.35,8.3,38300.0,0.012199999999999999
2024-02-12,8.35,8.31,8.4,8.3,5290.0,0.006
2024-02-13,8.4,8.35,8.4,8.35,2540.0,0.006
2024-02-14,8.4,8.4,8.5,8.35,1890.0,0.0
2024-02-15,8.39,8.4,8.4,8.35,26280.0,-0.0012
2024-02-16,8.39,8.39,8.4,8.35,1410.0,0.0
2024-02-19,8.4,8.4,8.42,8.3,4850.0,0.0012
2024-02-20,8.4,8.4,8.42,8.3,850.0,0.0
2024-02-21,8.4,8.42,8.42,8.3,780.0,0.0
2024-02-22,8.4,8.42,8.42,8.4,1670.0,0.0
2024-02-23,8.4,8.4,8.4,8.35,1010.0,0.0
2024-02-26,8.4,8.3,8.4,8.1,11680.0,0.0
2024-02-27,8.4,8.42,8.42,8.4,1450.0,0.0
2024-02-28,8.39,8.24,8.39,8.2,1460.0,-0.0012
2024-02-29,8.34,8.34,8.39,8.34,1360.0,-0.006
2024-03-01,8.34,8.3,8.34,8.11,7560.0,0.0
2024-03-04,8.3,8.16,8.3,8.15,3410.0,-0.0048
2024-03-05,8.28,8.2,8.3,8.12,12740.0,-0.0024
2024-03-06,8.28,8.29,8.29,8.25,4310.0,0.0
2024-03-07,8.12,8.11,8.27,8.1,25130.0,-0.019299999999999998
2024-03-08,8.24,8.25,8.25,8.11,1580.0,0.0148
2024-03-11,8.24,8.24,8.24,8.11,1190.0,0.0
2024-03-12,8.23,8.24,8.24,8.1,5330.0,-0.0012
2024-03-13,8.2,8.22,8.22,8.11,5190.0,-0.0036
2024-03-14,8.2,8.22,8.24,8.2,4050.0,0.0
2024-03-15,8.15,8.2,8.2,8.1,8850.0,-0.0060999999999999995
2024-03-18,8.22,8.06,8.23,8.05,8230.0,0.0086
2024-03-19,8.2,8.2,8.2,8.0,5330.0,-0.0024
2024-03-20,8.149999999999999,8.2,8.2,8.0,0.0,0.0
2024-03-21,8.1,8.2,8.2,8.0,6700.0,-0.012199999999999999
2024-03-22,8.1,8.1,8.2,8.1,3380.0,0.0
2024-03-25,8.06,8.1,8.1,7.94,1780.0,-0.0049
2024-03-26,8.06,8.07,8.07,8.05,2250.0,0.0
2024-03-27,8.0,8.06,8.2,7.95,5270.0,-0.0074
2024-03-28,8.16,8.17,8.17,8.01,6150.0,0.02
2024-03-29,8.25,8.16,8.25,8.12,21690.0,0.011000000000000001
2024-04-01,8.2,8.25,8.25,8.2,2150.0,-0.0060999999999999995
2024-04-02,8.25,8.2,8.25,8.15,15350.0,0.0060999999999999995
2024-04-03,8.2,8.24,8.25,8.15,4330.0,-0.0060999999999999995
2024-04-04,8.1,8.24,8.24,8.03,12070.0,-0.012199999999999999
2024-04-05,8.1,8.1,8.1,8.1,290.0,0.0
2024-04-08,8.1,8.1,8.11,8.1,4620.0,0.0
2024-04-09,8.1025,8.1,8.11,8.075,0.0,0.0
2024-04-10,8.105,8.1,8.11,8.05,0.0,0.0
2024-04-11,8.1075,8.1,8.11,8.025,0.0,0.0
2024-04-12,8.11,8.1,8.11,8.0,2980.0,0.0012
2024-04-15,8.09,8.01,8.11,8.0,6560.0,-0.0025
2024-04-16,8.08,8.0,8.08,7.92,1840.0,-0.0012
2024-04-17,8.04,8.05,8.09,8.0,2029.9999999999998,-0.005
2024-04-18,8.19,8.04,8.2,8.04,25590.0,0.0187
2024-04-19,8.12,8.18,8.2,8.1,21630.0,-0.0085
2024-04-22,8.22,8.18,8.23,8.15,8790.0,0.0123
2024-04-23,8.19,8.22,8.22,8.02,16230.0,-0.0036
2024-04-24,8.18,8.15,8.19,8.15,8510.0,-0.0012
2024-04-25,8.14,8.15,8.2,8.05,6860.0,-0.0049
2024-04-26,8.14,8.1,8.14,8.08,5980.0,0.0
2024-04-29,8.14,8.14,8.14,8.06,6270.0,0.0
2024-04-30,8.07,8.14,8.14,8.04,2220.0,-0.0086
2024-05-01,8.085,8.125,8.14,7.975,0.0,0.0
2024-05-02,8.1,8.11,8.14,7.91,3030.0,0.0037
2024-05-03,8.04,8.0,8.1,8.0,1010000.0,-0.0074
2024-05-06,8.04,8.04,8.1,8.0,1590.0,0.0
2024-05-07,8.0,8.04,8.04,7.95,3880.0,-0.005
2024-05-08,7.98,8.06,8.07,7.95,4340.0,-0.0025
2024-05-09,7.98,7.92,8.0,7.92,5930.0,0.0
2024-05-10,7.9,7.98,7.98,7.85,4320.0,-0.01
2024-05-13,7.7,7.95,7.95,7.7,7140.0,-0.0253
2024-05-14,7.69,7.7,7.7,7.5,11250.0,-0.0013
2024-05-15,7.68,7.76,7.85,7.6,12650.0,-0.0013
2024-05-16,7.68,7.68,7.75,7.68,6480.0,0.0
2024-05-17,7.78,7.75,7.85,7.7,18460.0,0.013000000000000001
2024-05-20,7.7,7.8,7.82,7.68,12720.0,-0.0103
2024-05-21,7.67,7.67,7.7,7.6,9810.0,-0.0039000000000000003
2024-05-22,7.59,7.7,7.7,7.55,44140.0,-0.0104
2024-05-23,7.7,7.65,7.7,7.65,4750.0,0.014499999999999999
2024-05-24,7.7,7.8,7.8,7.65,10130.0,0.0
2024-05-27,7.85,7.75,7.89,7.7,57500.0,0.0195
2024-05-28,8.05,7.89,8.1,7.8,122200.0,0.0255
2024-05-29,8.1,7.95,8.14,7.95,112480.0,0.0062
2024-05-30,8.17,8.18,8.25,8.0,142880.0,0.0086
2024-05-31,8.21,8.17,8.21,8.07,19420.0,0.0049
2024-06-03,8.23,8.22,8.24,8.13,2050.0,0.0024
2024-06-04,8.23,8.25,8.25,8.15,10090.0,0.0
2024-06-05,8.27,8.2,8.27,8.19,30380.0,0.0049
2024-06-06,8.4,8.29,8.4,8.29,26020.0,0.015700000000000002
2024-06-07,8.4,8.4,8.45,8.3,35710.0,0.0
2024-06-10,8.4,8.4,8.4,8.23,17370.0,0.0
2024-06-11,8.42,8.4,8.45,8.24,8340.0,0.0024
2024-06-12,8.45,8.44,8.46,8.39,19050.0,0.0036
2024-06-13,8.76,8.12,8.82,8.12,4290000.0,0.036699999999999997
2024-06-14,8.85,8.65,9.0,8.65,150300.0,0.0103
2024-06-17,8.879999999999999,8.75,8.99,8.71,0.0,0.0
2024-06-18,8.91,8.85,8.98,8.77,102090.0,0.0068000000000000005
2024-06-19,9.0,8.94,9.05,8.9,144910.0,0.0101
2024-06-20,8.9,8.96,9.0,8.8,172330.0,-0.0111
2024-06-21,8.99,8.9,9.0,8.8,293680.0,0.0101
2024-06-24,8.9,8.99,9.1,8.85,72040.0,-0.01
2024-06-25,8.97,8.82,8.97,8.8,51490.0,0.0079
2024-06-26,9.1,8.97,9.1,8.97,62070.0,0.014499999999999999
2024-06-27,9.09,9.09,9.12,9.01,33430.0,-0.0011
2024-06-28,9.14,9.09,9.15,9.05,49080.0,0.0055000000000000005
2024-07-01,9.18,9.15,9.22,9.14,121280.0,0.0044
2024-07-02,9.24,9.16,9.25,9.12,73430.0,0.006500000000000001
2024-07-03,9.27,9.25,9.3,9.22,75770.0,0.0032
2024-07-04,9.3,9.25,9.34,9.25,86890.0,0.0032
2024-07-05,9.32,9.26,9.32,9.26,32810.0,0.0022
2024-07-08,9.26,9.3,9.3,9.2,11040.0,-0.0064
2024-07-09,9.16,9.25,9.25,9.16,42650.0,-0.0108
2024-07-10,9.11,9.16,9.16,9.1,6190.0,-0.0055000000000000005
2024-07-11,9.2,9.1,9.2,9.1,43030.0,0.009899999999999999
2024-07-12,9.23,9.11,9.23,9.1,156120.0,0.0033
2024-07-15,9.25,9.13,9.25,9.13,27500.0,0.0022
2024-07-16,9.13,9.2,9.2,9.07,8990.0,-0.013000000000000001
2024-07-17,9.23,9.1,9.23,9.05,19560.0,0.011000000000000001
2024-07-18,9.2,9.2,9.2,9.02,14680.0,-0.0033
2024-07-19,9.2,9.05,9.2,9.0,20890.0,0.0
2024-07-22,9.15,9.2,9.2,9.1,6970.0,-0.0054
2024-07-23,9.16,9.1,9.16,9.01,25750.0,0.0011
2024-07-24,9.18,9.05,9.2,9.05,22340.0,0.0022
2024-07-25,9.165,9.055,9.19,9.025,0.0,0.0
2024-07-26,9.15,9.06,9.18,9.0,35390.0,-0.0033
2024-07-29,9.14,9.1,9.15,9.1,9380.0,-0.0011
2024-07-30,9.05,9.06,9.13,9.05,8500.0,-0.0098
2024-07-31,9.15,9.05,9.15,9.05,21650.0,0.011000000000000001
2024-08-01,9.14,9.06,9.15,9.06,1400.0,-0.0011
2024-08-02,9.15,9.12,9.15,9.05,4790.0,0.0011
2024-08-05,9.14,9.14,9.14,9.05,4740.0,-0.0011
2024-08-06,9.29,9.14,9.3,9.12,32659.999999999996,0.016399999999999998
2024-08-07,9.28,9.28,9.3,9.25,12640.0,-0.0011
2024-08-08,9.2,9.28,9.29,9.17,24610.0,-0.0086
2024-08-09,9.25,9.2,9.27,9.14,6060.0,0.0054
2024-08-12,9.15,9.2,9.2,9.15,3260.0,-0.0108
2024-08-13,9.205,9.155,9.23,9.129999999999999,0.0,0.0
2024-08-14,9.26,9.11,9.26,9.11,8109.999999999999,0.012
2024-08-15,9.25,9.26,9.27,9.1,7490.0,-0.0011
2024-08-16,9.22,9.19,9.23,9.15,30540.0,-0.0032
2024-08-19,9.15,9.22,9.22,9.15,5620.0,-0.0076
2024-08-20,9.15,9.15,9.15,9.05,5340.0,0.0
2024-08-21,9.24,9.05,9.24,9.05,12760.0,0.0098
2024-08-22,9.15,9.14,9.22,9.05,24030.0,-0.0097
2024-08-23,9.13,9.1,9.13,9.06,5400.0,-0.0022
2024-08-26,9.1,9.13,9.13,9.05,5620.0,-0.0033
2024-08-27,9.1,9.1,9.15,9.06,10450.0,0.0
2024-08-28,9.1,9.1,9.1,9.0,19360.0,0.0
2024-08-29,9.1,9.1,9.14,9.0,6950.0,0.0
2024-08-30,9.12,9.05,9.12,9.05,16660.0,0.0022
2024-09-02,9.1,9.14,9.14,9.08,4250.0,-0.0022
2024-09-03,9.19,9.1,9.2,9.05,20540.0,0.009899999999999999
2024-09-04,9.2,9.2,9.2,9.19,2380.0,0.0011
2024-09-05,9.06,9.2,9.2,9.06,3760.0,-0.0152
2024-09-06,9.19,9.17,9.19,9.17,310.0,0.0143
2024-09-09,9.19,9.19,9.2,9.05,750.0,0.0
2024-09-10,9.15,9.1,9.15,9.05,10300.0,-0.0044
2024-09-11,9.13,9.13,9.14,9.05,5460.0,-0.0022
2024-09-12,9.12,9.13,9.13,9.06,31590.0,-0.0011
2024-09-13,9.14,9.1,9.14,9.06,2430.0,0.0022
2024-09-16,9.1,9.1,9.14,9.06,14310.0,-0.0044
2024-09-17,9.1,9.13,9.13,9.05,6880.0,0.0
2024-09-18,9.05,9.1,9.11,9.0,8980.0,-0.0055000000000000005
2024-09-19,9.04,8.97,9.05,8.97,16079.999999999998,-0.0011
2024-09-20,9.04,8.95,9.12,8.85,22850.0,0.0
2024-09-23,9.05,9.04,9.06,9.0,10420.0,0.0011
2024-09-24,9.05,8.95,9.05,8.95,3060.0,0.0
2024-09-25,9.1,9.0,9.14,9.0,20350.0,0.0055000000000000005
2024-09-26,9.13,9.05,9.14,8.96,41130.0,0.0033
2024-09-27,9.13,9.0,9.13,9.0,11400.0,0.0
2024-09-30,9.39,9.12,9.4,9.0,50080.0,0.0285
2024-10-01,9.59,9.39,9.63,9.38,155910.0,0.0213
2024-10-02,9.44,9.64,9.64,9.26,18920.0,-0.015600000000000001
2024-10-03,9.47,9.07,9.6,9.06,228720.0,0.0032
2024-10-04,9.45,9.26,9.47,9.25,10150.0,-0.0021
2024-10-07,9.4,9.3,9.44,9.26,6670.0,-0.0053
2024-10-08,9.5,9.26,9.5,9.25,37020.0,0.0106
2024-10-09,9.53,9.5,9.59,9.5,47840.0,0.0032
2024-10-10,9.88,9.35,9.89,9.35,388720.0,0.036699999999999997
2024-10-11,9.97,9.71,9.97,9.71,134420.0,0.0091
2024-10-14,9.95,9.95,10.0,9.83,36430.0,-0.002
2024-10-15,9.73,9.92,9.945,9.665,0.0,0.0
2024-10-16,9.51,9.89,9.89,9.5,65610.0,-0.044199999999999996
2024-10-17,9.79,9.59,9.88,9.5,23520.0,0.0294
2024-10-18,9.9,9.79,9.9,9.75,61190.0,0.011200000000000002
2024-10-21,9.9,9.77,9.93,9.77,13340.0,0.0
2024-10-22,9.95,9.9,9.95,9.78,23760.0,0.0051
2024-10-23,9.85,9.87,9.87,9.7,11220.0,-0.0101
2024-10-24,9.89,9.85,9.89,9.61,17440.0,0.0040999999999999995
2024-10-25,9.87,9.85,9.87,9.85,800.0,-0.002
2024-10-28,9.87,9.8,9.88,9.76,203950.0,0.0
2024-10-29,9.85,9.87,9.87,9.7,28860.0,-0.002
2024-10-30,9.85,9.83,9.86,9.75,12470.0,0.0
2024-10-31,9.84,9.85,9.85,9.73,9760.0,-0.001
2024-11-01,9.82,9.8,9.82,9.79,3440.0,-0.002
2024-11-04,9.79,9.76,9.82,9.62,10570.0,-0.0031
2024-11-05,9.75,9.63,9.78,9.63,2880.0,-0.0040999999999999995
2024-11-06,9.73,9.64,9.74,9.5,35060.0,-0.0021
2024-11-07,9.69,9.5,9.7,9.5,12380.0,-0.0040999999999999995
2024-11-08,9.68,9.69,9.69,9.51,9880.0,-0.001
2024-11-11,9.73,9.67,9.75,9.51,236780.0,0.0052
2024-11-12,9.8,9.55,9.8,9.55,24060.0,0.0072
2024-11-13,9.77,9.61,9.79,9.6,16860.0,-0.0031
2024-11-14,9.73,9.77,9.78,9.61,5740.0,-0.0040999999999999995
2024-11-15,9.7,9.63,9.75,9.63,27190.0,-0.0031
2024-11-18,9.7,9.7,9.7,9.6,40550.0,0.0
2024-11-19,9.7,9.55,9.7,9.52,1580.0,0.0
2024-11-20,9.69,9.52,9.77,9.51,15960.0,-0.001
2024-11-21,9.67,9.68,9.69,9.45,15910.0,-0.0021
2024-11-22,9.62,9.46,9.65,9.45,12770.0,-0.0052
2024-11-25,9.58,9.5,9.62,9.47,9980.0,-0.0042
2024-11-26,9.58,9.47,9.61,9.47,4450.0,0.0
2024-11-27,9.56,9.48,9.56,9.45,10690.0,-0.0021
2024-11-28,9.5,9.45,9.58,9.4,11730.0,-0.0063
2024-11-29,9.49,9.3,9.5,9.3,9960.0,-0.0011
2024-12-02,9.61,9.49,9.64,9.49,275020.0,0.0126
2024-12-03,9.62,9.65,9.69,9.51,20220.0,0.001
2024-12-04,9.59,9.62,9.62,9.42,3660.0,-0.0031
2024-12-05,9.59,9.55,9.59,9.43,25860.0,0.0
2024-12-06,9.55,9.55,9.55,9.42,8300.0,-0.0042
2024-12-09,9.55,9.53,9.55,9.43,24100.0,0.0
2024-12-10,9.56,9.55,9.57,9.43,7590.0,0.001
2024-12-11,9.5,9.56,9.56,9.35,46490.0,-0.0063
2024-12-12,9.49,9.4,9.53,9.35,15950.0,-0.0011
2024-12-13,9.48,9.36,9.49,9.2,13070.0,-0.0011
2024-12-16,9.44,9.45,9.47,9.43,10880.0,-0.0042
2024-12-17,9.42,9.375,9.46,9.325,0.0,0.0
2024-12-18,9.4,9.3,9.45,9.22,8189.999999999999,-0.0042
2024-12-19,9.43,9.39,9.43,9.25,5440.0,0.0032
2024-12-20,9.39,9.3,9.4,9.3,340.0,-0.0042
2024-12-23,9.35,9.39,9.4,9.0,130060.0,-0.0043
2024-12-24,9.3,9.33,9.33,9.1,32640.0,-0.0053
2024-12-25,9.19,9.25,9.25,9.1,8730.0,-0.0118
2024-12-26,9.35,9.13,9.43,9.12,98820.0,0.0174
2024-12-27,9.3,9.33,9.33,9.13,8510.0,-0.0053
2024-12-30,9.3,9.3,9.33,9.18,6940.0,0.0
2024-12-31,9.3,9.3,9.4,9.13,18850.0,0.0
2025-01-01,9.22,9.3,9.350000000000001,9.115,0.0,0.0
2025-01-02,9.14,9.3,9.3,9.1,80380.0,-0.0172
2025-01-03,9.19,9.25,9.25,9.11,5760.0,0.0055000000000000005
2025-01-06,9.13,9.17,9.19,9.08,41010.0,-0.006500000000000001
2025-01-07,9.0,9.07,9.07,8.95,71770.0,-0.014199999999999999
2025-01-08,9.09,9.1,9.1,8.97,57840.0,0.01
2025-01-09,9.1,9.08,9.1,9.0,17460.0,0.0011
2025-01-10,9.1,9.0,9.15,8.95,18410.0,0.0
2025-01-13,9.09,9.1,9.1,8.95,27630.0,-0.0011
2025-01-14,9.24,9.09,9.27,9.0,26660.0,0.0165
2025-01-15,9.19,9.1,9.23,9.04,15030.0,-0.0054
2025-01-16,9.17,9.03,9.19,9.01,9170.0,-0.0022
2025-01-17,9.2,9.15,9.24,9.03,30880.0,0.0033
2025-01-20,9.19,9.09,9.2,9.05,16830.0,-0.0011
2025-01-21,9.14,9.02,9.15,9.02,10970.0,-0.0054
2025-01-22,9.12,9.04,9.14,9.02,19130.0,-0.0022
2025-01-23,9.1,9.05,9.12,9.02,49510.0,-0.0022
2025-01-24,9.15,9.08,9.2,9.02,59110.0,0.0055000000000000005
2025-01-27,9.14,9.05,9.14,9.05,16160.0,-0.0011
2025-01-28,9.1,9.01,9.1,9.01,13330.0,-0.0044
2025-01-29,9.13,9.01,9.13,9.0,35300.0,0.0033
2025-01-30,9.17,9.11,9.22,9.0,19660.0,0.0044
2025-01-31,9.15,9.16,9.17,9.0,12840.0,-0.0022
2025-02-03,9.1,9.02,9.15,9.02,14320.0,-0.0055000000000000005
2025-02-04,9.09,9.02,9.13,9.0,10890.0,-0.0011
2025-02-05,8.91,9.0,9.1,8.9,4540.0,-0.019799999999999998
2025-02-06,9.14,9.0,9.15,8.95,29930.0,0.0258
2025-02-07,9.21,9.01,9.21,9.01,77680.0,0.0077
2025-02-10,9.21,9.1,9.25,9.1,36280.0,0.0
2025-02-11,9.25,9.2,9.25,9.1,17320.0,0.0043
2025-02-12,9.33,9.25,9.39,9.12,76130.0,0.0086
2025-02-13,9.35,9.3,9.38,9.2,40900.0,0.0021
2025-02-14,9.34,9.3,9.34,9.12,47390.0,-0.0011
2025-02-17,9.19,9.04,9.3,9.04,29870.0,-0.0161
2025-02-18,9.15,9.03,9.15,8.91,43160.0,-0.0044
2025-02-19,9.1,9.14,9.15,9.0,11460.0,-0.0055000000000000005
2025-02-20,9.08,9.0,9.1,8.95,34550.0,-0.0022
2025-02-21,9.12,9.0,9.14,8.92,13070.0,0.0044
2025-02-24,9.15,8.97,9.23,8.97,40480.0,0.0033
2025-02-25,9.14,9.02,9.15,9.0,17880.0,-0.0011
2025-02-26,9.1,9.01,9.1,8.94,21580.0,-0.0044
2025-02-27,9.05,9.05,9.1,8.94,13270.0,-0.0055000000000000005
2025-02-28,9.05,8.94,9.15,8.7,59640.0,0.0
2025-03-03,9.13,8.92,9.13,8.88,26820.0,0.0088
2025-03-04,9.08,9.04,9.08,8.88,12950.0,-0.0055000000000000005
2025-03-05,9.02,8.99,9.02,8.89,10930.0,-0.0066
2025-03-06,9.02,9.02,9.04,8.89,21470.0,0.0
2025-03-07,9.01,8.88,9.02,8.88,19680.0,-0.0011
2025-03-10,9.0,9.0,9.0,8.84,16110.0,-0.0011
2025-03-11,8.95,8.99,8.99,8.86,10540.0,-0.005600000000000001
2025-03-12,9.0,8.95,9.0,8.77,42750.0,0.005600000000000001
2025-03-13,8.95,8.93,9.0,8.82,44180.0,-0.005600000000000001
2025-03-14,9.0,8.84,9.0,8.81,40540.0,0.005600000000000001
2025-03-17,8.97,8.87,8.98,8.81,9460.0,-0.0033
2025-03-18,9.1,9.0,9.17,9.0,60780.0,0.014499999999999999
2025-03-19,9.08,9.01,9.1,8.95,125390.0,-0.0022
2025-03-20,9.01,8.955,9.024999999999999,8.895,0.0,0.0
2025-03-21,8.94,8.9,8.95,8.84,6010.0,-0.0154
2025-03-24,8.94,8.94,9.03,8.63,24790.0,0.0
2025-03-25,9.01,8.81,9.03,8.69,19840.0,0.0078000000000000005
2025-03-26,9.0,8.99,9.04,8.9,31190.0,-0.0011
2025-03-27,8.99,9.0,9.0,8.85,18570.0,-0.0011
2025-03-28,8.9,8.9,8.95,8.8,23700.0,-0.01
2025-03-31,8.896666666666667,8.866666666666667,8.933333333333334,8.786666666666667,0.0,0.0
2025-04-01,8.893333333333334,8.833333333333334,8.916666666666666,8.773333333333333,0.0,0.0
2025-04-02,8.89,8.8,8.9,8.76,24880.0,-0.0011
2025-04-03,8.89,8.75,8.89,8.75,75720.0,0.0
2025-04-04,8.9,8.76,8.95,8.71,67870.0,0.0011
2025-04-07,8.89,8.7,8.95,8.64,51080.0,-0.0011
2025-04-08,8.85,8.7,8.89,8.7,13690.0,-0.0045000000000000005
2025-04-09,8.844999999999999,8.774999999999999,8.870000000000001,8.695,0.0,0.0
2025-04-10,8.84,8.85,8.85,8.69,56020.0,-0.0011
2025-04-11,8.8,8.7,8.8,8.65,16640.0,-0.0045000000000000005
2025-04-14,8.79,8.6,8.8,8.54,44540.0,-0.0011
2025-04-15,8.8,8.78,8.8,8.7,33210.0,0.0011
2025-04-16,8.79,8.7,8.8,8.66,35350.0,-0.0011
2025-04-17,8.64,8.65,8.79,8.57,43830.0,-0.0171
2025-04-18,8.77,8.52,8.77,8.52,33320.0,0.015
2025-04-21,8.92,8.75,8.92,8.65,56230.0,0.0171
2025-04-22,9.06,8.89,9.07,8.89,74160.0,0.015700000000000002
2025-04-23,9.12,9.06,9.13,8.87,47320.0,0.0066
2025-04-24,9.24,9.2,9.25,9.1,47290.0,0.0132
2025-04-25,9.2,9.06,9.24,9.0,43100.0,-0.0043
2025-04-28,9.2,9.23,9.23,9.15,16290.0,0.0
2025-04-29,9.18,9.06,9.2,9.06,14620.0,-0.0022
2025-04-30,9.0,9.06,9.14,8.89,13640.0,-0.0196
2025-05-01,9.04,9.030000000000001,9.129999999999999,8.9,0.0,0.0
2025-05-02,9.08,9.0,9.12,8.91,28350.0,0.0089
2025-05-05,9.08,9.08,9.09,9.0,20140.0,0.0
2025-05-06,9.13,8.95,9.14,8.95,68400.0,0.0055000000000000005
2025-05-07,9.16,9.06,9.16,9.06,40100.0,0.0033
2025-05-08,9.2,9.1,9.2,9.07,31730.0,0.0044
2025-05-09,9.23,9.15,9.25,9.05,42360.0,0.0033
2025-05-12,9.22,9.2,9.23,9.0,22880.0,-0.0011
2025-05-13,9.22,9.04,9.22,9.0,5100.0,0.0
2025-05-14,9.21,9.15,9.22,9.05,32110.0,-0.0011
2025-05-15,9.17,9.22,9.22,9.01,7130.0,-0.0043
2025-05-16,9.16,9.01,9.19,9.0,4400.0,-0.0011
2025-05-19,9.15,9.15,9.16,9.15,640.0,-0.0011
2025-05-20,9.13,9.0,9.14,9.0,24560.0,-0.0022
2025-05-21,9.14,9.0,9.21,8.96,41380.0,0.0011
2025-05-22,9.22,9.14,9.22,9.1,5510.0,0.0088
2025-05-23,9.22,9.22,9.22,9.2,19630.0,0.0
2025-05-26,9.25,9.21,9.37,9.19,94670.0,0.0033
2025-05-27,9.3,9.35,9.35,9.25,53810.0,0.0054
2025-05-28,9.34,9.26,9.35,9.25,14900.0,0.0043
2025-05-29,9.3,9.34,9.37,9.26,23740.0,-0.0043
2025-05-30,9.43,9.3,9.45,9.25,119520.0,0.013999999999999999
2025-06-02,9.5,9.43,9.5,9.43,57490.0,0.0074
2025-06-03,9.6,9.5,9.6,9.5,78730.0,0.0105
2025-06-04,9.6,9.6,9.63,9.51,55970.0,0.0
2025-06-05,9.52,9.6,9.6,9.46,34650.0,-0.0083
2025-06-06,9.555,9.594999999999999,9.625,9.43,0.0,0.0
2025-06-09,9.59,9.59,9.65,9.4,23950.0,0.0074
2025-06-10,9.59,9.65,9.65,9.43,12600.0,0.0
2025-06-11,9.5,9.59,9.59,9.45,3790.0,-0.009399999999999999
2025-06-12,9.5,9.45,9.55,9.39,42620.0,0.0
2025-06-13,9.29,9.35,9.35,9.12,19120.0,-0.022099999999999998
2025-06-16,9.21,9.29,9.29,9.19,139310.0,-0.0086
2025-06-17,9.12,9.14,9.15,9.0,4480.0,-0.0098
2025-06-18,9.07,8.94,9.1,8.94,9390.0,-0.0055000000000000005
2025-06-19,9.19,9.05,9.19,9.0,19920.0,0.0132
2025-06-20,9.17,9.0,9.2,9.0,6450.0,-0.0022
2025-06-23,9.19,9.1,9.19,9.0,17730.0,0.0022
2025-06-24,9.19,9.19,9.2,9.17,18550.0,0.0
2025-06-25,9.23,9.18,9.23,9.1,30010.0,0.0044
2025-06-26,9.31,9.205,9.31,9.165,0.0,0.0
2025-06-27,9.39,9.23,9.39,9.23,25130.0,0.0173
2025-06-30,9.39,9.16,9.39,9.16,1350.0,0.0
2025-07-01,9.35,9.35,9.39,9.35,1550.0,-0.0043
2025-07-02,9.15,9.2,9.2,9.15,15560.0,-0.021400000000000002
2025-07-03,9.19,9.2,9.2,9.15,1660.0,0.0044
2025-07-04,9.2,9.15,9.2,9.1,16040.0,0.0011
2025-07-07,9.35,9.1,9.35,9.1,1600.0,0.0163
2025-07-08,9.2,9.2,9.2,9.2,300.0,-0.016
2025-07-09,9.15,9.18,9.2,9.15,8470.0,-0.0054
2025-07-10,9.2,9.19,9.2,9.1,23950.0,0.0055000000000000005
2025-07-11,9.32,9.1,9.32,9.06,30250.0,0.013000000000000001
2025-07-14,9.28,9.06,9.29,9.0,32689.999999999996,-0.0043
2025-07-15,9.25,9.1,9.28,9.1,11860.0,-0.0032
2025-07-16,9.24,9.1,9.24,9.1,690.0,-0.0011
2025-07-17,9.19,9.1,9.24,9.1,1480.0,-0.0054
2025-07-18,9.1,9.01,9.15,9.0,4280.0,-0.0098
2025-07-21,9.19,9.0,9.2,9.0,7730.0,0.009899999999999999
2025-07-22,9.19,9.0,9.19,9.0,3470.0,0.0
2025-07-23,9.19,9.17,9.2,9.0,26000.0,0.0
2025-07-24,9.17,9.1,9.17,9.02,4750.0,-0.0022
2025-07-25,9.165,9.059999999999999,9.175,9.01,0.0,0.0
2025-07-28,9.16,9.02,9.18,9.0,9030.0,-0.0011
2025-07-29,9.15,9.02,9.15,9.02,16850.0,-0.0011
2025-07-30,9.14,9.05,9.14,9.03,190.0,-0.0011
2025-07-31,9.1,9.03,9.1,9.01,13610.0,-0.0044
2025-08-01,9.09,9.1,9.15,9.0,52110.0,-0.0011
2025-08-04,9.05,9.01,9.13,9.01,7940.0,-0.0044
2025-08-05,9.05,9.01,9.05,9.01,9860.0,0.0
2025-08-06,9.02,9.05,9.05,9.02,1640.0,-0.0033
2025-08-07,9.02,9.02,9.04,9.02,1300.0,0.0
2025-08-08,9.01,9.05,9.05,9.0,7580.0,-0.0011
